 Unlink Payment on Cancellation of Employee Advance,従業員の前進のキャンセルに関する支払いを解除します,
"""From Date"" can not be greater than or equal to ""To Date""",「日付から」は「これまで」以上になることはできません,
% Utilization (B + NB) / T,％利用（B + NB） / t,
% Utilization (B / T),％利用（b / t）,
'employee_field_value' and 'timestamp' are required.,「Employee_field_value」と「タイムスタンプ」が必要です。,
) for {0},）{0},
...Fetching Employees,...従業員の取得,
<b>Base</b> amount has not been set for the following employee(s): {0},<b>ベース</b>は、次の従業員に設定されていません：{0},
<b>Example:</b> SAL-{first_name}-{date_of_birth.year} <br>This will generate a password like SAL-Jane-1972,<b>例：</b> sal- {first_name}  -  {date_of_birth.year} <br>これにより、Sal-Jane-1972のようなパスワードが生成されます,
<b>Total Leaves Allocated</b> are more than the number of days in the allocation period,<b>割り当てられた総葉</b>は、割り当て期間の日数を超えています,
"<h3>Help</h3>

<p>Notes:</p>

<ol>
<li>Use field <code>base</code> for using base salary of the Employee</li>
<li>Use Salary Component abbreviations in conditions and formulas. <code>BS = Basic Salary</code></li>
<li>Use field name for employee details in conditions and formulas. <code>Employment Type = employment_type</code><code>Branch = branch</code></li>
<li>Use field name from Salary Slip in conditions and formulas. <code>Payment Days = payment_days</code><code>Leave without pay = leave_without_pay</code></li>
<li>Direct Amount can also be entered based on Condition. See example 3</li></ol>

<h4>Examples</h4>
<ol>
<li>Calculating Basic Salary based on <code>base</code>
<pre><code>Condition: base &lt; 10000</code></pre>
<pre><code>Formula: base * .2</code></pre></li>
<li>Calculating HRA based on Basic Salary<code>BS</code> 
<pre><code>Condition: BS &gt; 2000</code></pre>
<pre><code>Formula: BS * .1</code></pre></li>
<li>Calculating TDS based on Employment Type<code>employment_type</code> 
<pre><code>Condition: employment_type==""Intern""</code></pre>
<pre><code>Amount: 1000</code></pre></li>
</ol>","<h3>ヘルプ</h3>

<p>注：</p>

<ol>
<li>従業員の基本給を使用するためにフィールド<code>ベース</code>を使用</li>
<li>条件と式で給与コンポーネントの略語を使用します。 <code> bs =基本給与</code> </li>
<li>条件と式の従業員の詳細には、フィールド名を使用します。 <code>雇用タイプ=雇用_type </code> <code> branch = branch </code> </li>
<li>条件と式の給与スリップからフィールド名を使用します。 <code>支払いdays = payment_days </code> <code> withe pay = reave_without_pay </code> </li>
<li>条件に基づいて直接金額を入力することもできます。例3を参照</li> </ol>

<h4>例</h4>
<ol>
<li> <code> base </code>に基づいて基本給与の計算
<pre> <code>条件：base＆lt; 10000 </code> </pre>
<pre> <code>式：base * .2 </code> </pre> </li>
<li>基本的な給与<code> bs </code>に基づいてHRAの計算 
<pre> <code>条件：bs＆gt; 2000 </code> </pre>
<pre> <code>式：bs * .1 </code> </pre> </li>
<li>雇用タイプに基づいてTDSの計算<code> employment_type </code> 
<pre> <code>条件：雇用_type == ""intern"" </code> </pre>
<pre> <code>金額：1000 </code> </pre> </li>
</ol>",
"<h4>Condition Examples</h4>
<ol>
<li>Applying tax if employee born between 31-12-1937 and 01-01-1958 (Employees aged 60 to 80)<br>
<code>Condition: date_of_birth&gt;date(1937, 12, 31) and date_of_birth&lt;date(1958, 01, 01)</code></li><br><li>Applying tax by employee gender<br>
<code>Condition: gender==""Male""</code></li><br>
<li>Applying tax by Salary Component<br>
<code>Condition: base &gt; 10000</code></li></ol>","<h4>条件の例</h4>
<ol>
<li>税金の適用従業員が31-12-1937から01-01-1958の間に生まれた場合（60歳から80歳の従業員）<br>
<code>条件：date_of_birth＆gt; date（1937、12、31）およびdate_of_birth＆lt; date（1958、01、01）</code> </li> <br> <li>従業員の性別<br>
<code>条件：性別== ""MALE"" </code> </li> <br>
<li>給与コンポーネントによる税金の適用<br>
<code>条件：base＆gt; 10000 </code> </li> </ol>",
<h5>Employees on Half Day</h5>,<h5>半日の従業員</h5>,
<h5>Unmarked Employees</h5>,<h5>マークのない従業員</h5>,
<hr>,<hr>,
<table class='table table-bordered'><tr><th>{0}</th><th>{1}</th></tr>,<表クラス= 'テーブルテーブルボーダー'> <tr> <th> {0} </th> <th> {1} </th> </tr>,
A Job Requisition for {0} requested by {1} already exists: {2},{1}によって要求された{0}の求人はすでに存在します：{2},
A friendly reminder of an important date for our team.,私たちのチームにとって重要な日付の友好的なリマインダー。,
A {0} exists between {1} and {2} (,{0}は{1}と{2}の間に存在します（,
Abbr,abbr,
About,について,
Absent,不在,
Absent Days,不在の日,
Absent Records,レコードがない,
Academics User,アカデミックユーザー,
Accepted,受け入れられました,
Account,アカウント,
Account Head,アカウントヘッド,
Account No,アカウント番号,
"Account type cannot be set for payroll payable account {0}, please remove and try again",アカウントの種類を給与計算済みアカウントに設定できません{0}、削除して再試行してください,
Account {0} does not belong to company: {1},アカウント{0}は会社に属していません：{1},
Account {0} does not match with Company {1},アカウント{0}は会社{1}と一致しません,
Accounting,会計,
Accounting & Payment,会計と支払い,
Accounting Details,会計の詳細,
Accounting Dimensions,会計次元,
Accounting Ledger,会計元帳,
Accounts,アカウント,
Accounts not set for Salary Component {0},給与コンポーネントに設定されていないアカウント{0},
Accrual Journal Entry for salaries from {0} to {1},{0}から{1}への給与の発生ジャーナルエントリ,
Action,アクション,
Action on Submission,提出時のアクション,
Actions,アクション,
Active,アクティブ,
Activities,活動,
Activity Name,アクティビティ名,
Actual Amount,実際の金額,
Actual Cost,実際のコスト,
Actual Encashable Days,実際の獲得可能な日,
Actual balances aren't available because the leave application spans over different leave allocations. You can still apply for leaves which would be compensated during the next allocation.,休暇申請が異なる休暇の割り当てにまたがるため、実際の残高は利用できません。次の割り当て中に補償される葉をまだ申請できます。,
Add Business trip request,出張申請,
Add Day-wise Dates,日ごとの日付を追加します,
Add Employee Property,従業員プロパティを追加します,
Add Feedback,フィードバックを追加します,
Add slack for external users,Slack社外利用者,
Add to Details,詳細に追加します,
Add unused leaves from previous allocations,以前の割り当てから未使用の葉を追加します,
Add unused leaves from previous leave period's allocation to this allocation,この割り当てに前の休暇期間の割り当てから未使用の葉を追加する,
Added On,追加されました,
Added tax components from the Salary Component master as the salary structure didn't have any tax component.,給与構造には税構成要素がなかったため、給与コンポーネントマスターから税金コンポーネントを追加しました。,
Added to details,詳細に追加されました,
Additional Amount,追加金額,
Additional Information ,追加情報,
Additional PF,追加のPF,
Additional Salary,追加の給与,
Additional Salary ,追加の給与,
Additional Salary for referral bonus can only be created against Employee Referral with status {0},紹介ボーナスの追加給与は、ステータス{0}で従業員の紹介に対してのみ作成できます,
Additional Salary for this salary component with {0} enabled already exists for this date,{0}を有効にしたこの給与コンポーネントの追加給与は、この日付に既に存在します,
Additional Salary: {0} already exist for Salary Component: {1} for period {2} and {3},追加の給与：{0}給与コンポーネントにはすでに存在します：{1} {2}および{3}の場合,
Address of Organizer,主催者の住所,
Advance,前進,
Advance Account,事前のアカウント,
"Advance Account is mandatory. Please set the <a href=""/app/company/{0}#default_employee_advance_account"" target=""_blank"">Default Employee Advance Account</a> in the Company record {0} and submit this document.","事前アカウントは必須です。 <a href = ""/app/company/{0} #default_employee_advance_account"" target = ""_ blank""を設定してください。",
Advance Amount,前払い金額,
Advance Paid,前払い,
Advance Payment,立替金精算,
Advance Payments,前払い,
Advance payment table,前払いテーブル,
Advanced Filters,高度なフィルター,
Advances,進歩,
All,全て,
All Goals,すべての目標,
All Jobs,すべての仕事,
All allocated assets should be returned before submission,すべての割り当てられた資産は、提出前に返品する必要があります,
All the mandatory tasks for employee creation are not completed yet.,従業員の作成のためのすべての必須タスクはまだ完了していません。,
Allocate Based On Leave Policy,休暇ポリシーに基づいて割り当てます,
Allocate Leave,休暇を割り当てます,
Allocate Leaves,葉を割り当てます,
Allocate leaves to {0} employee(s)?,葉を{0}従業員に割り当てますか？,
Allocate on Day,日中に割り当てます,
Allocated Amount,割り当てられた金額,
Allocated Leaves,割り当てられた葉,
Allocated {0} leave(s) via scheduler on {1} based on the 'Allocate on Day' option set to {2},{0} {0} {1}を介して{1}を介して{2}を{2}に設定した{1}を介して割り当てられます,
Allocating Leave,割り当て休暇,
Allocation,割り当て,
Allocation Expired!,割り当ての有効期限が切れました！,
Allow Employee Checkin from Mobile App,モバイルアプリから従業員のチェックインを許可します,
Allow Encashment,獲得を許可します,
Allow Geolocation Tracking,ジオロケーショントラッキングを許可します,
Allow Leave Application After (Working Days),休暇申請後（営業日）,
Allow Multiple Shift Assignments for Same Date,同じ日付の複数のシフト割り当てを許可します,
Allow Negative Balance,負のバランスをとることができます,
Allow Over Allocation,オーバー割り当てを許可します,
Allow Tax Exemption,免税を許可します,
Allow User,ユーザーを許可します,
Allow Users,ユーザーを許可します,
Allow check-out after shift end time (in minutes),シフトの終了時間（数分で）の後にチェックアウトを許可する,
Allow the following users to approve Leave Applications for block days.,次のユーザーがブロック日の休暇申請を承認できるようにします。,
Allows allocating more leaves than the number of days in the allocation period.,割り当て期間の日数よりも多くの葉を割り当てることができます。,
Alternating entries as IN and OUT during the same shift,同じシフト中に出入りするエントリを交互にする,
Amended From,から修正されました,
Amount,額,
Amount Based on Formula,式に基づく量,
Amount based on formula,式に基づく量,
Amount claimed via Expense Claim,費用請求を介して請求された金額,
Amount of expense,費用額,
Amount paid against this encashment,この現金に対して支払われる金額,
Amount scheduled for deduction via salary,給与による控除が予定されている金額,
Amount should not be less than zero,金額はゼロ以下にしてはなりません,
Amount that has been paid against this advance,この前払いに対して支払われた金額,
"An amount of {0} already claimed for the component {1}, set the amount equal or greater than {2}",コンポーネント{1}に対してすでに請求されている{0}の量は、{2}よりも等しいか大きいかを設定します,
An attendance record is linked to this checkin. Please cancel the attendance before modifying time.,出席記録はこのチェックインにリンクされています。時間を変更する前に出席をキャンセルしてください。,
Annual Allocation,年間割り当て,
Annual Allocation Exceeded,年間割り当てが超えました,
Annual Salary,年俸,
Annual Taxable Amount,年間課税額,
Any other details,その他の詳細,
"Any other remarks, noteworthy effort that should go in the records",その他の発言、記録に載るべき注目すべき努力,
Applicable Earnings Component,適用される収益コンポーネント,
Applicable For,に適用されます,
Applicable in the case of Employee Onboarding,従業員のオンボーディングの場合に適用されます,
Applicant Email Address,申請者のメールアドレス,
Applicant Name,申請者名,
Applicant Rating,申請者の格付け,
Applicant for a Job,仕事の申請者,
Applicant name,申請者名,
Application Status,アプリケーションステータス,
Application period cannot be across two allocation records,アプリケーション期間は、2つの割り当てレコードにまたがることはできません,
Application period cannot be outside leave allocation period,アプリケーション期間は、休暇の割り当て期間外にすることはできません,
Applications Received,受け取ったアプリケーション,
Applications received:,受け取ったアプリケーション：,
Applies to Company,会社に適用されます,
Apply,適用する,
Apply / Approve Leaves,葉を適用 /承認します,
Apply Filters,フィルターを適用します,
Apply Now,今すぐ申請してください,
Appointment Date,予約日,
Appointment Letter,予約書,
Appointment Letter Template,予定文字テンプレート,
Appointment Letter content,予約書の内容,
Appraisal,評価,
Appraisal Cycle,評価サイクル,
Appraisal Goal,評価目標,
Appraisal KRA,評価kra,
Appraisal Linking,評価リンク,
Appraisal Overview,評価の概要,
Appraisal Template,評価テンプレート,
Appraisal Template Goal,評価テンプレートの目標,
Appraisal Template Missing,鑑定テンプレートがありません,
Appraisal Template Title,評価テンプレートタイトル,
Appraisal Template not found for some designations.,いくつかの指定では見られない評価テンプレート。,
Appraisal {0} already exists for Employee {1} for this Appraisal Cycle or overlapping period,この評価サイクルまたは重複する期間に対して、従業員{1}には鑑定{0}が既に存在します,
Appraisal {0} does not belong to Employee {1},評価{0}は従業員に属していません{1},
Appraisee,鑑定人,
Appraisees: {0},Appraisees：{0},
Apprentice,見習い,
Approval,承認,
Approval Status,承認ステータス,
Approval Status must be 'Approved' or 'Rejected',承認ステータスは「承認」または「拒否された」必要があります,
Approve,承認する,
Approved,承認済み,
Approver,承認者,
Approvers,承認者,
Apps,アプリ,
Apr,4月,
Archive,アーカイブ,
Archived,アーカイブ,
Are you sure you want to delete the attachment,添付ファイルを削除することを確認してください,
Are you sure you want to email the selected salary slips?,選択した給与スリップをメールで送信したいですか？,
Are you sure you want to proceed?,先に進みたいですか？,
Are you sure you want to reject the Employee Referral?,従業員の紹介を拒否したいですか？,
Arrival Datetime,到着日時,
As per your assigned Salary Structure you cannot apply for benefits,割り当てられた給与構造に従って、あなたは福利厚生を申請することはできません,
Asset Name,資産名,
Asset Recovery Cost for {0}: {1},{0}の資産回収コスト：{1},
Assets Allocated,割り当てられた資産,
Assign Salary Structure to {0} employee(s)?,給与構造を{0}従業員に割り当てますか？,
Assign Shift,シフトを割り当てます,
Assign Shift Schedule,シフトスケジュールを割り当てます,
Assign Structure,構造を割り当てます,
Assigning Salary Structure,給与構造の割り当て,
Assigning Structure...,構造の割り当て...,
Assigning Structures...,構造の割り当て...,
Assigning...,割り当て...,
Assignment based on,に基づく割り当て,
Associate Job Opening,アソシエイトジョブオープニング,
Associated Document,関連ドキュメント,
Associated Document Type,関連するドキュメントタイプ,
At least one interview has to be selected.,少なくとも1つのインタビューを選択する必要があります。,
Attach Proof,添付の証明,
Attachments,添付ファイル,
Attendance,出席,
Attendance Date,出席日,
Attendance From Date,日付からの出席,
Attendance From Date and Attendance To Date is mandatory,日付からの出席者、現在の出席者は必須です,
Attendance ID,出席ID,
Attendance Marked,出席者がマークされました,
Attendance Request,出席リクエスト,
Attendance Settings,出席設定,
Attendance To Date,これまでの出席,
Attendance Updated,出席者が更新されました,
Attendance Warnings,出席警告,
Attendance date {0} can not be less than employee {1}'s joining date: {2},出席日{0}は従業員{1}の参加日よりも小さいことはできません：{2},
Attendance for all the employees under this criteria has been marked already.,この基準に基づくすべての従業員の出席は、すでにマークされています。,
Attendance for employee {0} is already marked for an overlapping shift {1}: {2},従業員の出席{0}は、重複するシフト{1}：{2}に既にマークされています,
Attendance for employee {0} is already marked for the date {1}: {2},従業員の出席{0}は、日付{1}：{2}に既にマークされています,
Attendance for employee {0} is already marked for the following dates: {1},従業員の出席{0}は、次の日付に既にマークされています。{1},
Attendance for the following dates will be skipped/overwritten on submission,次の日付の出席は、提出時にスキップ/上書きされます,
Attendance from {0} to {1} has already been marked for the Employee {2},{0}から{1}への出席は、従業員にすでにマークされています{2},
Attendance has been marked as per employee check-ins,従業員のチェックインごとに出席がマークされています,
Attendance has been marked for all the employees between the selected payroll dates.,選択した給与日付の間のすべての従業員に出席がマークされています。,
Attendance is pending for these employees between the selected payroll dates. Mark attendance to proceed. Refer {0} for details.,選択した給与日付の間にこれらの従業員の出席者は保留中です。続行するために出席者をマークします。詳細については、{0}を参照してください。,
Attendance marked successfully,出席者は正常にマークされました,
Attendance not submitted for {0} as it is a Holiday.,{0}は休日であるため、出席者は提出されていません。,
Attendance not submitted for {0} as {1} is on leave.,{1}として{0}に提出されていない出席者は休暇中です。,
Attendance will be marked automatically only after this date.,出席は、この日付以降にのみ自動的にマークされます。,
AttendanceRequestListView,AttestAnceRequestListView,
Attendees,参加者,
Attrition Count,離職カウント,
Aug,8月,
Auto Attendance Settings,自動出席設定,
Auto Leave Encashment,自動休暇の現金,
Automated Based on Goal Progress,目標の進捗に基づいて自動化されています,
"Automatically fetches all assets allocated to the employee, if any",いずれかの場合、従業員に割り当てられたすべての資産を自動的に取得します,
Automatically update Last Sync of Checkin,Checkinの最終同期を自動的に更新します,
Available Leave(s),利用可能な休暇,
Available Leaves,利用可能な葉,
Average Feedback Score,平均フィードバックスコア,
Average Rating,平均評価,
"Average of Goal Score, Feedback Score, and Self Appraisal Score (out of 5)",ゴールスコア、フィードバックスコア、および自己評価スコアの平均（5つのうち）,
Average rating of demonstrated skills,実証されたスキルの平均評価,
Avg Feedback Score,平均的なフィードバックスコア,
Avg Utilization,AVG利用,
Avg Utilization (Billed Only),AVG利用（請求のみ）,
Awaiting Response,応答を待っています,
Backdated Leave Application is restricted. Please set the {} in {},背景の休暇申請は制限されています。 {}を{}に設定してください,
Bank,銀行,
Bank Account,銀行口座,
Bank Account No,銀行口座番号,
Bank Details,銀行の詳細,
Bank Entries,銀行エントリ,
Bank Name,銀行名,
Bank Remittance,銀行送金,
Base,ベース,
Base & Variable,ベースと変数,
Begin On (Days),（日）に始まる,
Begin check-in before shift start time (in minutes),シフト開始時間（分）の前にチェックインを開始します,
Beginner,初心者,
Below is the list of upcoming holidays for you:,以下はあなたのための今後の休日のリストです：,
Benefit,利点,
Benefits,利点,
Bill Amount,請求額,
Billed Hours,請求された時間,
Billed Hours (B),請求時間（b）,
Bimonthly,二か所,
Birthday Reminder,誕生日リマインダー,
Birthday Reminder 🎂,誕生日リマインダー🎂,
Birthdays,誕生日,
Block Date,ブロック日,
Block Days,ブロック日,
Block Holidays on important days.,重要な日に休暇をブロックします。,
Blue,青,
Body,体,
Bonus,ボーナス,
Bonus Amount,ボーナス額,
Bonus Payment Date,ボーナス支払い日,
Bonus Payment Date cannot be a past date,ボーナス支払い日は過去の日付ではありません,
Branch,支店,
Branch: {0},ブランチ：{0},
Breakfast,朝食補助申請,
Breakfast table,朝食テーブル,
Bulk Assignments,バルク割り当て,
Bulk Leave Policy Assignment,バルクは、ポリシーの割り当てを残します,
Bulk Salary Structure Assignment,バルク給与構造の割り当て,
Business trip report,出張報告書,
Business trip request table,出張リクエストテーブル,
"By default, the Final Score is calculated as the average of Goal Score, Feedback Score, and Self Appraisal Score. Enable this to set a different formula",デフォルトでは、最終スコアは、ゴールスコア、フィードバックスコア、および自己評価スコアの平均として計算されます。これを有効にして、別の式を設定します,
CTC,CTC,
Calculate Final Score based on Formula,式に基づいて最終スコアを計算します,
Calculate Gratuity Amount Based On,に基づいて謝礼量を計算します,
Calculate Payroll Working Days Based On,に基づいて給与営業日を計算します,
Calculated in days,数日で計算されます,
Calls,電話,
Campaign,キャンペーン,
Cancel,キャンセル,
Cancellation Queued,キャンセルがキューに留められました,
Cancelled,キャンセル,
Cannot Modify Time,時間を変更できません,
Cannot allocate leaves outside the allocation period {0} - {1},割り当て期間の外に葉を割り当てることはできません{0}  -  {1},
Cannot break shift after end date,終了後にシフトを壊すことはできません,
Cannot break shift before start date,開始日前にシフトを破ることはできません,
Cannot cancel Shift Assignment: {0} as it is linked to Attendance: {1},割り当てをキャンセルすることはできません：{0}出席者にリンクされているため：{1},
Cannot cancel Shift Assignment: {0} as it is linked to Employee Checkin: {1},課題をキャンセルすることはできません：{0}従業員のチェックインにリンクされているため：{1},
Cannot create Salary Slip for Employee joining after Payroll Period,給与期間後に従業員に参加するために給与スリップを作成できません,
Cannot create Salary Slip for Employee who has left before Payroll Period,給与期間前に去った従業員のために給与スリップを作成できません,
Cannot create a Job Applicant against a closed Job Opening,閉鎖された仕事の開設に対して求職者を作成することはできません,
Cannot create or change transactions against an Appraisal Cycle with status {0}.,ステータス{0}で評価サイクルに対するトランザクションを作成または変更することはできません。,
Cannot find active Leave Period,アクティブな休暇期間を見つけることができません,
Cannot mark attendance for an Inactive employee {0},非アクティブな従業員の出席をマークすることはできません{0},
Cannot submit. Attendance is not marked for some employees.,送信できません。一部の従業員には出席はマークされていません。,
Cannot update allocation for {0} after submission,提出後に{0}の割り当てを更新できません,
Cannot update status of Goal groups,目標グループのステータスを更新できません,
Carry Forward,持ち越してください,
Carry Forwarded Leaves,前方の葉を繰り返します,
Casual Leave,カジュアルな休暇,
Cause of Grievance,苦情の原因,
Change,変化,
Changing '{0}' to {1}.,「{0}」を{1}に変更します。,
"Changing KRA in this parent goal will align all the child goals to the same KRA, if any.",この親の目標でKRAを変更すると、すべての子どもの目標が同じKRAに合わせます。,
Check <a href='/app/List/Error Log?reference_doctype={0}'>{1}</a> for more details,<a href = '/app/list/error log？reference_doctype = {0}'> {1} </a>を確認してください,
Check Error Log {0} for more details.,詳細については、エラーログ{0}を確認してください。,
Check Vacancies On Job Offer Creation,求人の作成の欠員を確認してください,
Check {0} for more details,詳細については、{0}を確認してください,
Check-in Date,チェックイン日,
Check-out Date,チェックアウト日,
Checkin Radius,チェックイン半径,
Child nodes can only be created under 'Group' type nodes,子ノードは「グループ」タイプノードの下でのみ作成できます,
Claim Benefit For,の請求給付,
Claim Date,請求日,
Claim an Expense,費用を請求します,
Claimed,主張した,
Claimed Amount,請求額,
Claims,クレーム,
Clear All,すべてをクリアします,
Clearance Date,クリアランス日,
Cleared,クリアされた,
Click {0} to change the configuration and then resave salary slip,[{0}]をクリックして構成を変更し、給与スリップを再設定します,
Close,近い,
Closed,閉じた,
Closed On,閉じた,
Closes On,閉じます,
Closes on:,閉じる：,
Closing Balance,クローズバランス,
Closing Notes,閉じるメモ,
Collapse All,すべて崩壊します,
Color,色,
Comments,コメント,
Commission,手数料,
Company,会社,
Company Details,会社の詳細,
Compensatory Leave Request,補償休暇リクエスト,
Compensatory Off,補償的,
Completed,完了しました,
Completed On,で完了しました,
Completing onboarding,オンボーディングを完了します,
Component,成分,
Component properties and references ,コンポーネントのプロパティと参照,
Condition,状態,
Condition & Formula,状態と式,
Condition and Formula Help,状態と式の助け,
Condition and formula,条件と式,
Conditions,条件,
Conditions and Formula variable and example,条件と式変数と例,
Conference,会議,
Connections,接続,
Consider Grace Period,恵みの時代を考えてみてください,
Consider Marked Attendance on Holidays,休日への顕著な出席を検討してください,
Consider Tax Exemption Declaration,免税宣言を検討してください,
Consider Unmarked Attendance As,マークされていない出席者を考えてみてください,
Consolidate Leave Types,休暇の種類を統合します,
Contact Email,メールにお問い合わせください,
Contact No.,連絡先番号,
Contact Number,連絡先番号,
Continue,続く,
Contract,契約,
Copy of Invitation/Announcement,招待状/発表のコピー,
Cost,料金,
Cost Center,コストセンター,
Cost Centers,コストセンター,
Costing,原価計算,
Costing Details,コストの詳細,
Could not submit some Salary Slips: {},給与スリップを提出できませんでした：{},
Could not update Goal,目標を更新できませんでした,
Could not update goals,目標を更新できませんでした,
Country,国,
Country Fixture Deletion Failed,国のフィクスチャの削除が失敗しました,
Country Setup failed,カントリーセットアップに失敗しました,
Course,コース,
Cover Letter,カバーレター,
Create,作成する,
Create Additional Salary,追加の給与を作成します,
Create Appraisals,評価を作成します,
Create Employee,従業員を作成します,
Create Interview,インタビューを作成します,
Create Job Applicant,求職者を作成します,
Create Job Opening,ジョブオープンを作成します,
Create Journal Entry,ジャーナルエントリを作成します,
Create New Employee Id,新しい従業員IDを作成します,
Create Payment Entry,支払いエントリを作成します,
Create Salary Slip,給与スリップを作成します,
Create Salary Slips,給与スリップを作成します,
Create Separate Payment Entry Against Benefit Claim,福利厚生に対する個別の支払いエントリを作成します,
Create Shifts After,その後シフトを作成します,
Creating Appraisals,評価を作成します,
Creating Payment Entries......,支払いエントリの作成......,
Creating Salary Slips...,給与スリップの作成...,
Creating {0}...,{0}を作成します...,
Creation Date,作成日,
Creation Failed,作成に失敗しました,
Creation of Salary Structure Assignments has been queued. It may take a few minutes.,給与構造の割り当ての作成がキューになっています。数分かかる場合があります。,
Creation of {0} has been queued. It may take a few minutes.,{0}の作成がキューになっています。数分かかる場合があります。,
Criteria,基準,
Criteria based on which employee should be rated in Performance Feedback and Self Appraisal,どの従業員がパフォーマンスフィードバックと自己評価で評価されるべきかに基づく基準,
Currency,通貨,
Currency ,通貨,
Currency of selected Income Tax Slab should be {0} instead of {1},選択した所得税スラブの通貨は、{1}の代わりに{0}である必要があります,
Current,現在,
Current CTC,現在のCTC,
Current Count,現在のカウント,
Current Employer ,現在の雇用主,
Current Job Title,現在の役職,
Current Month Income Tax,今月の所得税,
Current Odometer Value should be greater than Last Odometer Value {0},現在の走行距離計の値は、最後の走行距離計の値より大きくなければなりません{0},
Current Odometer value ,現在の走行距離計の値,
Current Openings,現在の開口部,
Current Slab,現在のスラブ,
Current Work Experience,現在の実務経験,
"Currently, there is no {0} leave period for this date to create/update leave allocation.",現在、この日付の{0}休暇期間はありません。,
Custom Range,カスタム範囲,
Customer,お客様,
Cyan,シアン,
Cycle Name,サイクル名,
Cycles,サイクル,
Daily,毎日,
Daily Work Summary,毎日の仕事の概要,
Daily Work Summary Group,毎日の仕事の概要グループ,
Daily Work Summary Group User,毎日の作業概要グループユーザー,
Daily Work Summary Replies,毎日の仕事の概要の返信,
Dashboard,ダッシュボード,
Date,日付,
Date ,日付,
Date Range,日付範囲,
Date is repeated,日付が繰り返されます,
Date of Birth,生年月日,
Date of Joining,参加日,
Dates & Reason,日付と理由,
Dates Based On,に基づいた日付,
Days for which Holidays are blocked for this department.,この部門の休日がブロックされる日。,
Debit A/C Number,デビットA/C番号,
Dec,12月,
Decision Pending,保留中の決定,
Declarations,宣言,
Declared Amount,宣言された金額,
Deduct Full Tax on Selected Payroll Date,選択した給与日付に完全税を差し引きます,
Deduct Tax For Unclaimed Employee Benefits,請求されていない従業員の福利厚生に対して税金を差し引く,
Deduct Tax For Unsubmitted Tax Exemption Proof,支持されていない免税証明のために税金を控除します,
Deduction,控除,
Deduction from Salary,給与からの控除,
Deductions,控除,
Deductions before tax calculation,税の計算前の控除,
Default Account,デフォルトアカウント,
Default Amount,デフォルトの金額,
Default Bank / Cash account will be automatically updated in Salary Journal Entry when this mode is selected.,このモードが選択された場合、デフォルトの銀行 /現金アカウントは、給与ジャーナルエントリで自動的に更新されます。,
Default Base Pay,デフォルトのベースペイ,
Default Employee Advance Account,デフォルトの従業員事前アカウント,
Default Expense Claim Payable Account,デフォルトの費用請求支払勘定,
Default Payroll Payable Account,デフォルトの給与計算済みアカウント,
Default Salary Structure,デフォルトの給与構造,
Default Shift,デフォルトのシフト,
Deferred Expense Account,延期された経費勘定,
Delete,消去,
Delete Attachment,添付ファイルを削除します,
Delivery Trip,配達旅行,
Department,部門,
Department Approver,部門承認者,
Department {0} does not belong to company: {1},部門{0}は会社に属していません：{1},
Department: {0},部門：{0},
Departure Datetime,出発日時,
Depends On Payment Days,支払い日によって異なります,
Depends on Payment Days,支払い日によって異なります,
Description,説明,
Description of a Job Opening,求人の説明,
Designation,指定,
Designation Skill,指定スキル,
Designation: {0},指定：{0},
Details,詳細,
"Details of Sponsor (Name, Location)",スポンサーの詳細（名前、場所）,
Determine Check-in and Check-out,チェックインとチェックアウトを決定します,
Disable,無効にします,
Disable Rounded Total,丸い合計を無効にします,
"Disable {0} for the {1} component, to prevent the amount from being deducted twice, as its formula already uses a payment-days-based component.",{1}コンポーネントに対して{0}を無効にして、その式がすでに支払いデイベースのコンポーネントを使用しているため、金額が2回差し引かれるのを防ぎます。,
Disable {0} or {1} to proceed.,{0}または{1}を無効にして続行します。,
Disabled,無効,
Dispensed Amount (Pro-rated),分配された金額（プロ評価）,
Do Not Include in Total,合計で含めないでください,
Do not include in total,合計で含めないでください,
Do you still want to proceed?,まだ進みたいですか？,
Do you want to update the Job Applicant {0} as {1} based on this interview result?,このインタビューの結果に基づいて、求職者{0}を{1}として更新しますか？,
Document Status,ドキュメントステータス,
Domestic,国内,
Download PDF,PDFをダウンロードします,
Download Template,テンプレートをダウンロードします,
Draft,草案,
Duplicate Attendance,出席者の重複,
Duplicate Entry,重複するエントリ,
Duplicate Job Requisition,重複するジョブ要求,
Duplicate Overwritten Salary,重複した上書きの給与,
Duplicate Salary Withholding,重複した給与源泉徴収,
Duration (Days),期間（日）,
ERROR({0}): {1},エラー（{0}）：{1},
Early Exit,早期出口,
Early Exit By,早期出口による,
Early Exit Grace Period,早期出口の恵み期間,
Early Exits,早期出口,
Earned Leave,獲得休暇,
Earned Leave Frequency,獲得した休暇頻度,
Earned Leaves,稼いだ葉,
Earned Leaves are allocated as per the configured frequency via scheduler.,獲得した葉は、スケジューラを介して構成された周波数に従って割り当てられます。,
Earned Leaves are auto-allocated via scheduler based on the annual allocation set in the Leave Policy: {0},獲得した葉は、休暇ポリシーに設定された年次割り当てに基づいて、スケジューラを介して自動アロークされます。{0},
Earned Leaves are leaves earned by an Employee after working with the company for a certain amount of time. Enabling this will allocate leaves on pro-rata basis by automatically updating Leave Allocation for leaves of this type at intervals set by 'Earned Leave Frequency.,稼いだ葉は、一定の時間会社と協力した後、従業員によって稼いだ葉です。これを有効にすると、「獲得した休暇頻度」によって設定された間隔でこのタイプの葉の休暇割り当てを自動的に更新することにより、葉を比例配分ベースで割り当てます。,
Earning,収入を得る,
Earning Component,獲得コンポーネント,
Earning Salary Component is required for Employee Referral Bonus.,従業員の紹介ボーナスには、給与コンポーネントを獲得する必要があります。,
Earnings,収益,
Earnings & Deductions,収益と控除,
Edit,編集,
Effective From,から効果的,
Effective To,に効果的です,
Effective from,から効果的,
Email,メール,
Email Address,電子メールアドレス,
Email ID,電子メールID,
Email Salary Slip to Employee,従業員への給与のスリップを電子メールで送信します,
Email Salary Slips,電子メールの給与スリップ,
Email Sent To,に送信されたメール,
Email Template,電子メールテンプレート,
Email sent to {0},{0}に送信されたメール,
Emails salary slip to employee based on preferred email selected in Employee,従業員で選択された優先電子メールに基づいて従業員への給与sliplsを電子メール,
Employee,従業員,
Employee A/C Number,従業員A/C番号,
Employee Advance,従業員の前進,
Employee Advance Balance,従業員の事前バランス,
Employee Advance Summary,従業員の事前概要,
Employee Advances,従業員の進歩,
Employee Attendance Tool,従業員の出席ツール,
Employee Benefit Application,従業員の福利厚生アプリケーション,
Employee Benefit Application Detail,従業員の福利厚生アプリケーションの詳細,
Employee Benefit Claim,従業員の福利厚生請求,
Employee Benefits,従業員の福利厚生,
Employee Boarding Activity,従業員の搭乗活動,
Employee Checkin,従業員のチェックイン,
Employee Cost Center,従業員のコストセンター,
Employee Details,従業員の詳細,
Employee Emails,従業員のメール,
Employee Exit,従業員の出口,
Employee Exit Settings,従業員の出口設定,
Employee Exits,従業員は出ます,
Employee Feedback Criteria,従業員のフィードバック基準,
Employee Feedback Rating,従業員のフィードバック評価,
Employee Grade,従業員の成績,
Employee Grievance,従業員の苦情,
Employee Health Insurance,従業員の健康保険,
Employee Id,従業員ID,
Employee Image,従業員の画像,
Employee Incentive,従業員のインセンティブ,
Employee Info,従業員情報,
Employee Loan,従業員ローン,
Employee Name,従業員名,
Employee Naming By,従業員の命名,
Employee Number,従業員番号,
Employee Onboarding,従業員のオンボーディング,
Employee Onboarding Template,従業員のオンボーディングテンプレート,
Employee Onboarding: {0} already exists for Job Applicant: {1},従業員のオンボーディング：{0}求職者にはすでに存在します：{1},
Employee Other Income,従業員その他の収入,
Employee Performance Feedback,従業員のパフォーマンスフィードバック,
Employee Promotion,従業員の昇進,
Employee Promotion Details,従業員の昇進の詳細,
Employee Promotion cannot be submitted before Promotion Date,従業員の昇進は、昇進日前に提出することはできません,
Employee Property History,従業員の財産履歴,
Employee Referral,従業員の紹介,
Employee Referral {0} is not applicable for referral bonus.,従業員の紹介{0}は、紹介ボーナスには適用されません。,
Employee Referrals,従業員の紹介,
Employee Responsible ,従業員責任,
Employee Retained,従業員は保持されました,
Employee Separation,従業員の分離,
Employee Separation Template,従業員の分離テンプレート,
Employee Settings,従業員の設定,
Employee Skill,従業員のスキル,
Employee Skill Map,従業員のスキルマップ,
Employee Skills,従業員のスキル,
Employee Status,従業員のステータス,
Employee Tax Exemption Category,従業員の免税カテゴリ,
Employee Tax Exemption Declaration,従業員の免税宣言,
Employee Tax Exemption Declaration Category,従業員の免税宣言カテゴリ,
Employee Tax Exemption Proof Submission,従業員の免税証明書の提出,
Employee Tax Exemption Proof Submission Detail,従業員の免税証明書の提出の詳細,
Employee Tax Exemption Sub Category,従業員の免税サブカテゴリ,
Employee Training,従業員トレーニング,
Employee Transfer,従業員の転送,
Employee Transfer Detail,従業員の転送の詳細,
Employee Transfer Details,従業員の転送の詳細,
Employee Transfer cannot be submitted before Transfer Date,従業員の譲渡は、譲渡日前に提出することはできません,
"Employee can be named by Employee ID if you assign one, or via Naming Series. Select your preference here.",従業員は、従業員IDを割り当てる場合、またはネーミングシリーズを介して名前を付けることができます。ここで好みを選択してください。,
Employee name,従業員名,
Employee records are created using the selected option,従業員の記録は、選択したオプションを使用して作成されます,
Employee was marked Absent due to missing Employee Checkins.,従業員は、従業員のチェックインが欠落しているため、不在とマークされました。,
Employee was marked Absent for not meeting the working hours threshold.,従業員は、労働時間のしきい値を満たしていないために不在とマークされました。,
Employee was marked Absent for other half due to missing Employee Checkins.,従業員は、従業員のチェックインが欠落しているため、他の半分に不在とマークされました。,
Employee {0} already has an Attendance Request {1} that overlaps with this period,従業員{0}には、この期間と重複する出席要求{1}がすでにあります,
Employee {0} already has an active Shift {1}: {2} that overlaps within this period.,従業員{0}は、この期間内に重複するアクティブなシフト{1}：{2}をすでに持っています。,
Employee {0} already submitted an application {1} for the payroll period {2},従業員{0}は、給与期間{2}の申請{1}をすでに提出しました,
Employee {0} has already applied for Shift {1}: {2} that overlaps within this period,従業員{0}は、この期間内に重複するShift {1}：{2}をすでに申請しています,
Employee {0} has already applied for {1} between {2} and {3} : {4},従業員{0}は、{2}と{3}の間に{1}をすでに申請しています：{4},
Employee {0} has no maximum benefit amount,従業員{0}には最大の利益額がありません,
Employee {0} is not active or does not exist,従業員{0}はアクティブではないか、存在しません,
Employee {0} is on Leave on {1},従業員{0}は{1}で休暇中です,
Employee {0} not found in Training Event Participants.,従業員{0}トレーニングイベント参加者にはありません。,
Employee {0} on Half day on {1},{1}の半日の従業員{0},
Employee {0} relieved on {1} must be set as 'Left',従業員{0} {1}で安心して、「左」として設定する必要があります,
Employee: {0} have to complete minimum {1} years for gratuity,従業員：{0}は、謝礼のために最低{1}年を完了する必要があります,
Employees,従業員,
Employees HTML,従業員HTML,
Employees cannot give feedback to themselves. Use {0} instead: {1},従業員は自分自身にフィードバックを与えることはできません。代わりに{0}を使用：{1},
Employees on Half Day HTML,半日HTMLの従業員,
Employees will miss holiday reminders from {} until {}. <br> Do you want to proceed with this change?,従業員は、{}から{}まで休日のリマインダーを見逃します。 <br>この変更を進めたいですか？,
Employees without Feedback: {0},フィードバックのない従業員：{0},
Employees without Goals: {0},目標のない従業員：{0},
Employees working on a holiday,休日に取り組んでいる従業員,
Employment Type,雇用タイプ,
Enable Auto Attendance,自動出席を有効にします,
Enable Early Exit Marking,早期出口マーキングを有効にします,
Enable Late Entry Marking,遅いエントリマーキングを有効にします,
Enabled,有効になっています,
Encashment,獲得,
Encashment Amount,現金額,
Encashment Date,獲得日,
Encashment Days,獲得日,
Encashment Days cannot exceed {0} {1} as per Leave Type settings,獲得日は{0} {1}を超えることはできません。,
Encashment Limit Applied,現金制限が適用されます,
Encrypt Salary Slips in Emails,電子メールで給与スリップを暗号化します,
End,終わり,
End Date,終了日,
End Date cannot be before Start Date,終了日は開始日前にはできません,
End Time,終了時間,
End date: {0},終了日：{0},
End time cannot be before start time,終了時間は開始時間前にはできません,
Enter the Standard Working Hours for a normal work day. These hours will be used in calculations of reports such as Employee Hours Utilization and Project Profitability analysis.,通常の勤務日の標準労働時間を入力してください。これらの時間は、従業員の時間使用率やプロジェクトの収益性分析などのレポートの計算で使用されます。,
Enter the number of leaves you want to allocate for the period.,割り当てたい葉の数を期間に入力します。,
Error,エラー,
Error Log,エラーログ,
Error Message,エラーメッセージ,
Error in formula or condition,式または状態のエラー,
Error in formula or condition: {0} in Income Tax Slab,式または条件のエラー：{0}所得税スラブ,
Error in some rows,いくつかの行でエラー,
Error while evaluating the {doctype} {doclink} at row {row_id}. <br><br> <b>Error:</b> {error} <br><br> <b>Hint:</b> {description},{doctype} {doclink}をrow {row_id}で評価する際のエラー。 <br> <br> <b>エラー：</b> {error} <br> <br> <b>ヒント：</b> {説明},
Estimated Cost Per Position,ポジションあたりの推定コスト,
Evaluation,評価,
Evaluation Date,評価日,
Evaluation Method cannot be changed as there are existing appraisals created for this cycle,このサイクルのために作成された既存の評価があるため、評価方法は変更できません,
Event Details,イベントの詳細,
Event Link,イベントリンク,
Event Location,イベントの場所,
Event Name,イベント名,
Event Status,イベントステータス,
Every 2 Weeks,2週間ごと,
Every 3 Weeks,3週間ごと,
Every 4 Weeks,4週間ごと,
Every Valid Check-in and Check-out,すべての有効なチェックインとチェックアウト,
Every Week,毎週,
"Everyone, let’s congratulate them on their work anniversary!",皆さん、彼らの仕事の記念日を祝福しましょう！,
"Everyone, let’s congratulate {0} on their birthday.",皆さん、誕生日に{0}を祝福しましょう。,
Exam,テスト,
Exchange Rate,為替レート,
Exchange Rate cannot be zero.,為替レートはゼロにすることはできません。,
Exclude Holidays,休日を除外してください,
Excluded {0} Non-Encashable Leaves for {1},{1}のための除去{0}除去できない葉を除外,
Exempted from Income Tax,所得税は免除されました,
Exemption Category,免除カテゴリ,
Exemption Proofs,免除証明,
Exemption Sub Category,免除サブカテゴリ,
Existing Record,既存のレコード,
Exit Confirmed,終了が確認されました,
Exit Details,詳細を終了します,
Exit Interview,面接を終了します,
Exit Interview Pending,保留中の面接を終了します,
Exit Interview Summary,インタビューの概要を終了します,
Exit Interview {0} already exists for Employee: {1},exitインタビュー{0}はすでに従業員のために存在します：{1},
Exit Questionnaire,アンケートを終了します,
Exit Questionnaire Notification,アンケート通知を終了します,
Exit Questionnaire Notification Template,アンケート通知テンプレートを終了します,
Exit Questionnaire Pending,保留中のアンケートを終了します,
Exit Questionnaire Web Form,アンケートWebフォームを終了します,
Expand All,すべて拡張します,
Expected Average Rating,予想される平均格付け,
Expected By,が期待しています,
Expected Compensation,予想される報酬,
Expected Skill Set,予想されるスキルセット,
Expected Skillset,予想されるスキルセット,
Expense,費用,
Expense Account,経費勘定,
Expense Approver,費用承認者,
Expense Approver Mandatory In Expense Claim,経費承認者は、費用請求に義務付けられています,
Expense Claim,費用請求,
Expense Claim Account,費用請求口座,
Expense Claim Advance,費用請求の前払い,
Expense Claim Detail,費用請求の詳細,
Expense Claim Summary,費用請求の概要,
Expense Claim Type,費用請求タイプ,
Expense Claim for Vehicle Log {0},車両ログの費用請求{0},
Expense Claim {0} already exists for the Vehicle Log,車両ログの費用請求{0}はすでに存在しています,
Expense Claims,費用請求,
Expense Date,経費日,
Expense Proof,費用証明,
Expense Taxes and Charges,費用税と料金,
Expense Type,費用タイプ,
Expenses,費用,
Expenses & Advances,費用と前払い,
Expire Allocation,割り当てを期限切れにします,
Expire Carry Forwarded Leaves (Days),繰越しの葉（日）の期限切れ,
Expire Leaves,葉を期限切れにします,
Expired,期限切れ,
Expired Leave(s),期限切れの休暇,
Expired Leaves,期限切れの葉,
Explanation,説明,
Export,輸出,
Exporting...,エクスポート...,
Failed,失敗した,
Failed to create/submit {0} for employees:,従業員向けに{0}を作成/送信できなかった：,
Failed to delete defaults for country {0}.,国{0}のデフォルトを削除できませんでした。,
Failed to download Salary Slip PDF,給与スリップPDFのダウンロードに失敗しました,
Failed to send the Interview Reschedule notification. Please configure your email account.,インタビューの再スケジュール通知を送信できませんでした。メールアカウントを構成してください。,
Failed to setup defaults for country {0}.,国{0}のデフォルトのセットアップに失敗しました。,
Failed to submit some leave policy assignments:,休暇のポリシーの割り当てを提出できなかった：,
Failed to update the Job Applicant status,求職者のステータスの更新に失敗しました,
Failed to {0} {1} for employees:,従業員の{0} {1}に失敗しました：,
Failure,失敗,
Failure Details,障害の詳細,
Feb,2月,
Feedback,フィードバック,
Feedback Count,フィードバックカウント,
Feedback HTML,フィードバックHTML,
Feedback Ratings,フィードバック評価,
Feedback Reminder Notification Template,フィードバックリマインダー通知テンプレート,
Feedback Score,フィードバックスコア,
Feedback Submitted,送信されたフィードバック,
Feedback Summary,フィードバックの概要,
Feedback already submitted for the Interview {0}. Please cancel the previous Interview Feedback {1} to continue.,インタビュー{0}のためにすでに送信されているフィードバック。続行するには、以前のインタビューフィードバック{1}をキャンセルしてください。,
Feedback cannot be recorded for an absent Employee.,不在の従業員にはフィードバックを記録することはできません。,
Feedback {0} added successfully,フィードバック{0}が正常に追加されました,
Fetch Geolocation,Geolocationを取得します,
Fetch Shift,シフトを取得します,
Fetch Shifts,シフトを取得します,
Fetching Employees,従業員の取得,
Fetching Shift,シフトを取得します,
Fetching your geolocation,ジオロケーションを取得します,
Field Name,フィールド名,
File Preview,ファイルプレビュー,
Fill the form and save it,フォームに記入して保存します,
Filled,満たされた,
Filter Based On,に基づいてフィルター,
Filter Employees,従業員をフィルター,
Filter List,フィルターリスト,
Filters,フィルター,
Final Decision,最終決定,
Final Score,最終スコア,
Final Score Formula,最終スコアフォーミュラ,
First Check-in and Last Check-out,最初のチェックインと最後のチェックアウト,
First Day,初日,
First Name ,ファーストネーム,
Fiscal Year,会計年度,
Fiscal Year {0} not found,会計年度{0}見つかりません,
Fleet Manager,艦隊マネージャー,
Flexible Benefits,柔軟な利点,
Flight,フライト,
FnF Pending,FNF保留中,
Follow via Email,電子メールでフォローしてください,
Food,食べ物,
For Designation ,指定のために,
For Employee,従業員向け,
"For a day of leave taken, if you still pay (say) 50% of the daily salary, then enter 0.50 in this field.",休暇の1日の場合、引き続き（たとえば）毎日の給与の50％を支払う場合は、このフィールドに0.50を入力してください。,
Formula,式,
Fortnightly,2週間,
Fraction of Applicable Earnings ,該当する収益の割合,
Fraction of Daily Salary for Half Day,半日の毎日の給与の一部,
Fraction of Daily Salary per Leave,休暇ごとの1日の給与の一部,
Fractional Cost,分数コスト,
Frappe HR,フラッペHR,
Frappe Support,フラッペサポート,
Frequency,頻度,
Friday,金曜日,
From,から,
From Amount,金額から,
From Date,日付から,
From Date cannot be greater than To Date,これからは、これまで以上に大きくすることはできません,
From Date must come before To Date,以前に日付が来なければなりません,
From Date {0} cannot be after employee's relieving Date {1},日付から{0}は従業員の救済日{1}の後にできません,
From Date {0} cannot be before employee's joining Date {1},日付{0}は、従業員の参加日{1}の前にできません,
From Employee,従業員から,
From Time,時間から,
From User,ユーザーから,
From date can not be less than employee's joining date,日付から従業員の参加日以下になることはできません,
From date can not be less than employee's joining date.,日付から従業員の参加日以下にすることはできません。,
"From here, you can enable encashment for the balance leaves.",ここから、バランスの葉の現金を有効にすることができます。,
From {0} to {1},{0}から{1}まで,
From(Year),（年）から,
Fuchsia,フクシア,
Fuel Expense,燃料費用,
Fuel Expenses,燃料費用,
Fuel Price,燃料価格,
Fuel Qty,燃料数量,
Full Name,フルネーム,
Full and Final Asset,完全かつ最終資産,
Full and Final Outstanding Statement,完全かつ最終的な未解決の声明,
Full and Final Statement,完全かつ最終的な声明,
Full-time,フルタイム,
Fully Sponsored,完全にスポンサー,
Funded Amount,資金額,
Future Income Tax,将来の所得税,
Future dates not allowed,将来の日付は許可されていません,
Gender,性別,
Geolocation,ジオロケーション,
Geolocation Error,ジオロケーションエラー,
Geolocation is not supported by your current browser,ジオロケーションは、現在のブラウザによってサポートされていません,
Get Details From Declaration,宣言から詳細を取得します,
Get Employees,従業員を取得します,
Get Job Requisitions,求人を取得します,
Get Template,テンプレートを取得します,
Get the app on your device for easy access & a better experience!,簡単にアクセスできるように、デバイスにアプリを入手してください！,
Get the app on your iPhone for easy access & a better experience,簡単にアクセスできるように、iPhoneでアプリを入手してください,
Gluten Free,グルテンフリー,
Go to Login,ログインに移動します,
Goal,ゴール,
Goal Completion (%),目標完了（％）,
Goal Score,ゴールスコア,
Goal Score (%),ゴールスコア（％）,
Goal Score (weighted),ゴールスコア（加重）,
Goal progress percentage cannot be more than 100.,目標の進捗率は100を超えることはできません。,
Goal should be aligned with the same KRA as its parent goal.,目標は、親の目標と同じKRAと一致する必要があります。,
Goal should be owned by the same employee as its parent goal.,目標は、親の目標と同じ従業員が所有する必要があります。,
Goal should belong to the same Appraisal Cycle as its parent goal.,目標は、親の目標と同じ評価サイクルに属する必要があります。,
Goal updated successfully,目標は正常に更新されました,
Goals,目標,
Goals updated successfully,目標は正常に更新されました,
Grade,学年,
Grand Total,総計,
Gratuity,謝礼,
Gratuity Applicable Component,謝礼適用可能なコンポーネント,
Gratuity Rule,謝礼ルール,
Gratuity Rule Slab,謝礼ルールスラブ,
Green,緑,
Grievance Against,に対する不満,
Grievance Against Party,党に対する苦情,
Grievance Details,苦情の詳細,
Grievance Type,苦情型タイプ,
Gross Earnings,総収入,
Gross Pay,総賃金,
Gross Pay (Company Currency),総賃金（会社の通貨）,
Gross Year To Date,現在までの総年,
Gross Year To Date(Company Currency),年間総計（会社の通貨）,
Group,グループ,
Group By,グループ,
Group goal's progress is auto-calculated based on the child goals.,グループゴールの進捗状況は、子どもの目標に基づいて自動計算されます。,
HR,HR,
HR & Payroll,HR＆給与,
HR & Payroll Settings,HRおよび給与設定,
HR Manager,HRマネージャー,
HR Settings,HR設定,
HR User,HRユーザー,
HRMS,HRMS,
Half Day,半日,
Half Day Date,半日の日付,
Half Day Date is mandatory,半日の日付が必須です,
Half Day Date should be between From Date and To Date,半日の日付は、日付と日付の間である必要があります,
Half Day Date should be in between Work From Date and Work End Date,半日の日付は、日付から作業の終了日から作業の合間にある必要があります,
Half Day Marked Employee Header,半日は従業員のヘッダーとマークされました,
Half Day Records,半日の記録,
Half Yearly,半年ごと,
Half day date should be in between from date and to date,半日の日付は、日付と日付の間にある必要があります,
Half-Yearly,半年,
Has Certificate,証明書があります,
Health Insurance,健康保険,
Health Insurance Name,健康保険名,
Health Insurance No,健康保険番号,
Health Insurance Provider,健康保険プロバイダー,
Hello,こんにちは,
Help,ヘルプ,
Hey {}! This email is to remind you about the upcoming holidays.,おい {}！このメールは、今後の休日を思い出させるためです。,
Hiring Count,採用数,
Hiring Settings,採用設定,
Hold,所有,
Holiday,休日,
Holiday List,ホリデーリスト,
Holiday List for Optional Leave,オプションの休暇用の休日リスト,
Holidays,休日,
Holidays this Month.,今月の休日。,
Holidays this Week.,今週の休日。,
Home,家,
Horizontal Break,水平ブレイク,
Hour Rate,時間レート,
Hour Rate (Company Currency),時間レート（会社の通貨）,
Hours,時間,
House rent paid days overlapping with {0},{0}と重複する家賃の有給日,
House rented dates required for exemption calculation,免除計算に必要な住宅賃貸日,
House rented dates should be atleast 15 days apart,住宅賃貸日は、少なくとも15日間離れているはずです,
IFSC,ifsc,
IFSC Code,ifscコード,
IN,で,
Identification Document Number,識別文書番号,
Identification Document Type,識別ドキュメントタイプ,
"If checked, Payroll Payable will be booked against each employee",チェックされた場合、給与は各従業員に対して予約されます,
"If checked, hides and disables Rounded Total field in Salary Slips",チェックした場合、給与スリップで丸い合計フィールドを隠して無効にします,
"If checked, the full amount will be deducted from taxable income before calculating income tax without any declaration or proof submission.",チェックされた場合、宣言または証明の提出なしに所得税を計算する前に、全額が課税所得から控除されます。,
"If enabled, Tax Exemption Declaration will be considered for income tax calculation.",有効になった場合、免税宣言は所得税の計算のために考慮されます。,
"If enabled, auto attendance will be marked on holidays if Employee Checkins exist",有効にした場合、従業員のチェックインが存在する場合、自動車への出席は休日にマークされます,
"If enabled, deducts payment days for absent attendance on holidays. By default, holidays are considered as paid",有効にした場合、休日に出席しないために支払い日を差し引きます。デフォルトでは、休日は支払済みと見なされます,
"If enabled, the component will be considered as a tax component and the amount will be auto-calculated as per the configured income tax slabs",有効にすると、コンポーネントは税コンポーネントと見なされ、その金額は設定された所得税スラブに従って自動計算されます,
"If enabled, the component will be considered in the Income Tax Deductions report",有効になった場合、コンポーネントは所得税控除レポートで考慮されます,
"If enabled, the component will not be displayed in the salary slip if the amount is zero",有効にした場合、金額がゼロの場合、コンポーネントは給与スリップに表示されません,
"If enabled, the total no. of applications received for this opening will be displayed on the website",有効にした場合、合計番号このオープニングで受け取ったアプリケーションのWebサイトに表示されます,
"If enabled, the value specified or calculated in this component will not contribute to the earnings or deductions. However, it's value can be referenced by other components that can be added or deducted. ",有効にした場合、このコンポーネントで指定または計算された値は、収益や控除に寄与しません。ただし、その値は、追加または控除できる他のコンポーネントによって参照できます。,
"If enabled, total no. of working days will include holidays, and this will reduce the value of Salary Per Day",有効にした場合、合計番号営業日には休日が含まれ、これにより1日あたりの給与の価値が低下します,
"If not checked, the list will have to be added to each Department where it has to be applied.",チェックされていない場合、リストを適用する必要がある各部門に追加する必要があります。,
"If selected, the value specified or calculated in this component will not contribute to the earnings or deductions. However, it's value can be referenced by other components that can be added or deducted. ",選択した場合、このコンポーネントで指定または計算された値は、収益または控除に寄与しません。ただし、その値は、追加または控除できる他のコンポーネントによって参照できます。,
"If set, the job opening will be closed automatically after this date",設定した場合、この日付以降、求人の開口部は自動的に閉じられます,
"If you are using loans in salary slips, please install the {0} app from Frappe Cloud Marketplace or GitHub to continue using loan integration with payroll.",給与スリップでローンを使用している場合は、Frappe Cloud MarketplaceまたはGitHubから{0}アプリをインストールして、給与計算とのローン統合を引き続き使用してください。,
Import Attendance,出席者を輸入します,
Import Log,インポートログ,
Import Successful,インポート成功,
Importing {0} of {1},{1}の{0}のインポート,
In Process,処理中,
In Progress,進行中,
In Time,やがて,
"In case of any error during this background process, the system will add a comment about the error on this Payroll Entry and revert to the Submitted status",このバックグラウンドプロセス中にエラーが発生した場合、システムはこの給与計算エントリのエラーに関するコメントを追加し、提出されたステータスに戻ります,
Inactive,非アクティブ,
Incentive,インセンティブ,
Incentive Amount,インセンティブ額,
Incentives,インセンティブ,
Include Company Descendants,会社の子孫を含めます,
Include Holidays,休日を含めます,
Include holidays in Total no. of Working Days,合計で休日を含めます。営業日の,
Include holidays within leaves as leaves,葉の中に葉のように休日を含めます,
Income Source,収入源,
Income Tax Amount,所得税,
Income Tax Breakup,所得税の分裂,
Income Tax Component,所得税コンポーネント,
Income Tax Computation,所得税の計算,
Income Tax Deducted Till Date,所得税は日付まで控除されました,
Income Tax Deductions,所得税控除,
Income Tax Slab,所得税スラブ,
Income Tax Slab Other Charges,所得税スラブその他の料金,
Income Tax Slab is mandatory since the Salary Structure {0} has a tax component {1},給与構造{0}には税金{1}があるため、所得税スラブは必須です。,
Income Tax Slab must be effective on or before Payroll Period Start Date: {0},所得税のスラブは、給与の期間開始日に有効でなければなりません：{0},
Income Tax Slab not set in Salary Structure Assignment: {0},給与構造の割り当てに設定されていない所得税スラブ：{0},
Income Tax Slab: {0} is disabled,所得税スラブ：{0}は無効です,
Income from Other Sources,他のソースからの収入,
Incorrect Weightage Allocation,誤った重みの割り当て,
"Indicates the number of leaves that cannot be encashed from the leave balance. E.g. with a leave balance of 10 and 4 Non-Encashable Leaves, you can encash 6, while the remaining 4 can be carried forward or expired",休暇の残高から獲得できない葉の数を示します。例えば。 10と4の除去不可能な葉の休暇残高で、6つの獲得できますが、残りの4つを繰り越したり期限切れにしたりできます。,
Inspection,検査,
Install,インストール,
Install Frappe HR,Frappe HRをインストールします,
Insufficient Balance,バランスが不十分です,
Insufficient leave balance for Leave Type {0},休暇バランスが不十分な休暇タイプ{0},
Interest,興味,
Interest Amount,利息額,
Interest Income Account,利息収入口座,
Intermediate,中級,
Intern,インターン,
Internal approval,社内稟議申請,
International,国際的,
Internet,インターネット,
Interview,インタビュー,
Interview Detail,インタビューの詳細,
Interview Details,インタビューの詳細,
Interview Feedback,インタビューフィードバック,
Interview Feedback Reminder,インタビューフィードバックリマインダー,
Interview Feedback {0} submitted successfully,インタビューフィードバック{0}が正常に送信されました,
Interview Not Rescheduled,インタビューは再スケジュールされていません,
Interview Reminder,インタビューリマインダー,
Interview Reminder Notification Template,インタビューリマインダー通知テンプレート,
Interview Rescheduled successfully,インタビューは正常に再スケジュールされました,
Interview Round,インタビューラウンド,
Interview Round {0} is only applicable for the Designation {1},インタビューラウンド{0}は、指定{1}にのみ適用されます,
Interview Round {0} is only for Designation {1}. Job Applicant has applied for the role {2},インタビューラウンド{0}は、指定{1}のみです。求職者が役割を申請しました{2},
Interview Scheduled Date,インタビューの予定日,
Interview Status,面接ステータス,
Interview Summary,インタビューの概要,
Interview Type,インタビュータイプ,
Interview: {0} Rescheduled,インタビュー：{0}再スケジュール,
Interviewer,インタビュアー,
Interviewers,インタビュアー,
Introduction,導入,
Invalid,無効,
Invalid Action,無効なアクション,
Invalid Additional Salary,無効な追加給与,
Invalid Cost Center,無効なコストセンター,
Invalid Dates,無効な日付,
Invalid Leave Ledger Entry,無効なレジーの出入りを残します,
Invalid Payroll Payable Account. The account currency must be {0} or {1},無効な給与計算済みアカウント。アカウント通貨は{0}または{1}でなければなりません,
Invalid Shift Times,無効なシフト時間,
Invalid parameters provided. Please pass the required arguments.,無効なパラメーターが提供されます。必要な引数を渡してください。,
Investigated,調査された,
Investigation Details,調査の詳細,
Invited,招待,
Invoice Ref,Invoice Ref,
Is Active,アクティブです,
Is Applicable for Referral Bonus,紹介ボーナスに適用できます,
Is Carry Forward,前進しています,
Is Compensatory,代償です,
Is Compensatory Leave,補償休暇です,
Is Default,デフォルトです,
Is Earned Leave,休暇を取得します,
Is Expired,期限切れです,
Is Flexible Benefit,柔軟な利点です,
Is Group,グループです,
Is Income Tax Component,所得税コンポーネントです,
Is Leave Without Pay,無給なしに残しています,
Is Mandatory,必須です,
Is Optional Leave,オプションの休暇です,
Is Paid,支払われます,
Is Partially Paid Leave,部分的に有給休暇です,
Is Recurring,繰り返します,
Is Recurring Additional Salary,追加の給与を繰り返しています,
Is Salary Released,給与はリリースされています,
Is Salary Withheld,給与は差し控えられています,
Is Tax Applicable,税金が適用されます,
Jan,1月,
Job Applicant,求職者,
Job Applicant Source,求職者ソース,
Job Applicant {0} created successfully.,求職者{0}は正常に作成されました。,
Job Applicants are not allowed to appear twice for the same Interview round. Interview {0} already scheduled for Job Applicant {1},求職者は、同じインタビューラウンドに2回出頭することは許可されていません。インタビュー{0}求職者のためにすでに予定されている{1},
Job Application Route,求人アプリケーションルート,
Job Description,仕事内容,
Job Offer,求人,
Job Offer Term,求人用語,
Job Offer Term Template,求人提供期間テンプレート,
Job Offer Terms,求人条件,
Job Offer status,求人のステータス,
Job Offer: {0} is already for Job Applicant: {1},求人：{0}はすでに求職者向けです：{1},
Job Opening,求人,
Job Opening Associated,関連する求人,
Job Openings,求人,
Job Openings for the designation {0} are already open or the hiring is complete as per the Staffing Plan {1},指定の求人{0}はすでに開いているか、人員配置計画に従って雇用が完了しています{1},
Job Requisition,求人,
Job Requisition {0} has been associated with Job Opening {1},求人要求{0}はジョブオープニングに関連付けられています{1},
Job Title,役職,
"Job profile, qualifications required etc.",ジョブプロフィール、資格が必要など。,
Joining Date,参加日,
Journal Entry,ジャーナルエントリ,
July,7月,
June,6月,
KRA,KRA,
KRA Evaluation Method,KRA評価方法,
KRA updated for all child goals.,KRAはすべての子供の目標に更新されました。,
KRA vs Goals,KRA対目標,
KRAs,クラス,
Key Performance Area,キーパフォーマンスエリア,
Key Responsibility Area,主要な責任領域,
Key Result Area,重要な結果領域,
Keyboard Shortcuts,キーボードショートカット,
Last Day,最終日,
Last Known Successful Sync of Employee Checkin. Reset this only if you are sure that all Logs are synced from all the locations. Please don't modify this if you are unsure.,従業員のチェックインの最後に成功した同期。すべてのログがすべての場所から同期されていることを確信している場合にのみ、これをリセットします。不明な場合はこれを変更しないでください。,
Last Name,苗字,
Last Odometer Value ,最後の走行距離計の値,
Last Sync of Checkin,チェックインの最後の同期,
Late Entries,遅いエントリ,
Late Entry,遅い入り口,
Late Entry & Early Exit Settings for Auto Attendance,自動車出席のための遅い入り口と早期出口設定,
Late Entry By,遅い入り口,
Late Entry Grace Period,遅いエントリーグレース期間,
Latitude,緯度,
Latitude and longitude values are required for checking in.,チェックインには緯度と経度の値が必要です。,
Leave,休暇等申請書,
Leave Allocation,割り当てを残します,
Leave Allocations,割り当てを残します,
Leave Application,申請を残します,
Leave Application period cannot be across two non-consecutive leave allocations {0} and {1}.,休暇申請期間は、2つの非継続的な休暇配分{0}および{1}にまたがることはできません。,
Leave Approval Notification,承認通知を残します,
Leave Approval Notification Template,承認通知テンプレートを残します,
Leave Approver,承認者を残します,
Leave Approver Mandatory In Leave Application,承認者は、休暇申請に義務付けられています,
Leave Approver Name,承認者名を残します,
Leave Balance,バランスを残します,
Leave Balance Before Application,申請前に残高を残します,
Leave Block List,ブロックリストを残します,
Leave Block List Allow,ブロックリスト許可を残す,
Leave Block List Allowed,許可されているブロックリストを残します,
Leave Block List Date,ブロックリストの日付を残します,
Leave Block List Dates,ブロックリストの日付を残します,
Leave Block List Name,ブロックリスト名を残します,
Leave Blocked,ブロックされたままにします,
Leave Control Panel,コントロールパネルを離れます,
Leave Details,詳細を残してください,
Leave Encashment,脱出,
Leave Encashment Amount Per Day,1日あたりの獲得金額を残します,
Leave Ledger,元帳を離れます,
Leave Ledger Entry,元帳のエントリを残します,
"Leave Ledger Entry's To date needs to be after From date. Currently, From Date is {0} and To Date is {1}",元帳のエントリを今までにしておく必要があります。現在、これからは{0}で、現在まで{1},
Leave Period,休暇期間,
Leave Policy,ポリシーを去る,
Leave Policy Assignment,ポリシーの割り当てを残します,
Leave Policy Assignment Overlap,ポリシーの割り当ての重複を残します,
Leave Policy Detail,ポリシーの詳細を残します,
Leave Policy Details,ポリシーの詳細を残します,
Leave Policy: {0} already assigned for Employee {1} for period {2} to {3},休暇ポリシー：{0}既に{1}に{2}に{2}に割り当てられています{3},
Leave Status Notification,ステータス通知を残します,
Leave Status Notification Template,ステータス通知テンプレートを残します,
Leave Type,タイプを残します,
Leave Type Name,タイプ名を残します,
Leave Type can either be compensatory or earned leave.,休暇タイプは、補償的または獲得休暇のいずれかです。,
Leave Type can either be without pay or partial pay,休暇タイプは、賃金なしまたは部分的な支払いのいずれか,
Leave Type is mandatory,残すタイプは必須です,
Leave Type {0} cannot be allocated since it is leave without pay,去るタイプ{0}は、それは無給で残すので割り当てることができません,
Leave Type {0} cannot be carry-forwarded,タイプ{0}を持ち歩くことはできません,
Leave Type {0} is not encashable,去るタイプ{0}は現金化できません,
Leave Without Pay,支払いなしで出発します,
Leave Without Pay does not match with approved {} records,給与なしでの休暇は、承認された{}レコードと一致しません,
Leave allocation {0} is linked with the Leave Application {1},休暇{0}は、leaveアプリケーション{1}にリンクされています,
Leave already have been assigned for this Leave Policy Assignment,休暇はすでにこの休暇のポリシーの割り当てに割り当てられています,
Leave and Expense Claim Settings,請求請求設定を去り、費用をかけます,
Leave application is linked with leave allocations {0}. Leave application cannot be set as leave without pay,休暇アプリケーションは、leave arecations {0}にリンクされています。休暇申請は、支払いなしに休暇として設定することはできません,
"Leave cannot be allocated before {0}, as leave balance has already been carry-forwarded in the future leave allocation record {1}",{0}の前に休暇を割り当てることはできません。休暇の残高は将来の休暇の割り当て記録で既に引き継がれているため、{1},
"Leave cannot be applied/cancelled before {0}, as leave balance has already been carry-forwarded in the future leave allocation record {1}",休暇は{0}の前に適用/キャンセルすることはできません。休暇の残高は将来の休暇の割り当て記録{1}で既に持ち込みされています。,
Leave of type {0} cannot be longer than {1}.,タイプ{0}の休暇は{1}より長くなることはできません。,
Leave(s) Expired,失効したままにしてください,
Leave(s) Pending Approval,承認が保留されている場合,
Leave(s) Taken,撮影したままにします,
Leaves,葉,
Leaves & Holidays,葉と休日,
Leaves Allocated,葉が割り当てられます,
Leaves Expired,葉が期限切れになりました,
Leaves Pending Approval,承認が保留されている,
Leaves for the Leave Type {0} won't be carry-forwarded since carry-forwarding is disabled.,キャリーワードが無効になっているため、休暇タイプ{0}の葉は持ち込みになりません。,
Leaves per Year,年間葉,
Leaves you can avail against a holiday you worked on. You can claim Compensatory Off Leave using Compensatory Leave Request. Click {0} to know more,あなたが取り組んだ休日を利用することができる葉。補償休暇のリクエストを使用して、補償オフ休暇を請求できます。詳細を知るには、{0}をクリックします,
Left,左,
Letter Head,手紙の頭,
Level,レベル,
License Plate,ナンバープレート,
Lifecycle,ライフサイクル,
Lime,ライム,
Link the cycle and tag KRA to your goal to update the appraisal's goal score based on the goal progress,サイクルをリンクし、KRAを目標にタグ付けして、目標の進捗に基づいて評価のゴールスコアを更新します,
Linked Project {} and Tasks deleted.,リンクされたプロジェクト{}とタスクが削除されました。,
Loan,ローン,
Loan Account,ローン口座,
Loan Product,ローン製品,
Loan Repayment,ローンの返済,
Loan Repayment Entry,ローン返済エントリ,
Loan cannot be repayed from salary for Employee {0} because salary is processed in currency {1},給与は通貨で処理されるため、ローンは従業員の給与から返済できません{1},
Location,位置,
Location / Device ID,場所 /デバイスID,
Location Name,ロケーション名,
Lodging Required,宿泊が必要です,
Log Type,ログタイプ,
Log Type is required for check-ins falling in the shift: {0}.,シフトに落ちるチェックインにはログタイプが必要です：{0}。,
Log out,ログアウト,
Login Failed,ログインに失敗しました,
Longitude,経度,
Lower Range,低い範囲,
MICR,マイクロ,
Make,作る,
Make Bank Entry,銀行の入場を行います,
Mandatory,必須,
Mandatory fields required for this action:,このアクションに必要な必須フィールド：,
Mandatory fields required in {0},{0}で必要な必須フィールド,
Manual,マニュアル,
Manual Rating,手動評価,
Mar,3月,
Mark Attendance,出席者をマークします,
Mark Auto Attendance on Holidays,休日に自動車の出席をマークします,
Mark as Completed,完了したマーク,
Mark as In Progress,進行中のマーク,
Mark as {0},{0}としてマーク,
Mark attendance as {0} for {1} on selected dates?,選択した日付の{1}の{0}として出席をマークしますか？,
Mark attendance based on 'Employee Checkin' for Employees assigned to this shift.,このシフトに割り当てられた従業員の「従業員チェックイン」に基づいて出席者をマークします。,
Mark attendance for existing check-in/out logs before changing shift settings,シフト設定を変更する前に、既存のチェックイン/アウトログの出席をマークします,
Mark {0} as Completed?,完了したときにマーク{0}？,
Mark {0} {1} as {2}?,マーク{0} {1} as {2}？,
Marked Attendance,マークされた出席,
Marked Attendance HTML,マーク付き出席HTML,
Marking Attendance,出席者をマークします,
Max Amount Eligible,最大額の対象,
Max Benefit Amount,最大給付金額,
Max Benefit Amount (Yearly),最大給付金額（年間）,
Max Benefits (Amount),最大利益（金額）,
Max Benefits (Yearly),最大給付（毎年）,
Max Exemption Amount,最大免除額,
Max Exemption Amount cannot be greater than maximum exemption amount {0} of Tax Exemption Category {1},最大免除額は、免税カテゴリの最大免除額{0}を超えることはできません{1},
Max Taxable Income,最大課税所得,
Max benefits should be greater than zero to dispense benefits,最大給付は、利益を分配するためにゼロより大きくなければなりません,
Max working hours against Timesheet,タイムシートに対する最大労働時間,
Maximum Carry Forwarded Leaves,最大繰り返される葉,
Maximum Consecutive Leaves Allowed,最大連続した葉が許可されています,
Maximum Consecutive Leaves Exceeded,最大連続した葉を超えました,
Maximum Encashable Leaves,最大獲得可能な葉,
Maximum Exempted Amount,最大免除額,
Maximum Exemption Amount,最大免除額,
Maximum Leave Allocation Allowed per Leave Period,休暇期間ごとに許可される最大休暇配分,
Maximum amount eligible for the component {0} exceeds {1},コンポーネントの対象となる最大{0}は{1}を超えています,
Maximum annual taxable income eligible for full tax relief. No tax is applied if income does not exceed this limit,完全な税制緩和の対象となる最大年間課税所得。収入がこの制限を超えない場合、税金は適用されません,
Maximum benefit amount of component {0} exceeds {1},コンポーネントの最大給付{0}は{1}を超えています,
Maximum benefit amount of employee {0} exceeds {1},従業員の最大給付{0}は{1}を超えています,
Maximum benefit of employee {0} exceeds {1} by the sum {2} of benefit application pro-rata component amount and previous claimed amount,従業員の最大給付{0}は、給付アプリケーションプロラタコンポーネントの金額と以前の請求額の合計{2}を超えて{1}を超えています,
Maximum benefit of employee {0} exceeds {1} by the sum {2} of previous claimed amount,従業員の最大の利益{0}は、以前の請求額の合計{2}によって{1}を超えています,
Maximum encashable leaves for {0} are {1},{0}の最大獲得葉は{1}です,
Maximum leave allowed in the leave type {0} is {1},休暇中に許可される最大休暇{0}は{1}です,
May,5月,
Meal Preference,食事の好み,
Medical,医学,
Message,メッセージ,
Mileage,走行距離,
Min Taxable Income,最小課税所得,
Minimum Year for Gratuity,謝礼の最低年,
Minimum working days required since Date of Joining to apply for this leave,この休暇を申請するために参加日から必要な最低勤務日,
Missing Advance Account,事前アカウントがありません,
Missing Field,不足しているフィールド,
Missing Fields,フィールドがありません,
Missing Mandatory Field,必須フィールドがありません,
Missing Opening Entries,オープニングエントリがありません,
Missing Relieving Date,解放日がありません,
Missing Salary Components,給与コンポーネントの欠落,
Missing Tax Slab,税のスラブがありません,
Mode Of Payment,支払いモード,
Mode of Payment,支払いモード,
Mode of Travel,旅行モード,
Mode of payment is required to make a payment,支払いを行うには支払いモードが必要です,
Model,モデル,
Monday,月曜日,
Month,月,
Month To Date,過去1カ月間,
Month To Date(Company Currency),月間（会社の通貨）,
Monthly,毎月,
Monthly Attendance Sheet,毎月の出席シート,
More,もっと,
More Info,詳細,
More than one selection for {0} not allowed,{0}の複数の選択が許可されていません,
Multiple Additional Salaries with overwrite property exist for Salary Component {0} between {1} and {2}.,上書きプロパティを備えた複数の追加給与は、{1}と{2}の間に給与コンポーネント{0}に存在します。,
Multiple Shift Assignments,複数のシフト割り当て,
My Account,私のアカウント,
Name,名前,
Name error,名前エラー,
Name of Organizer,主催者の名前,
Naming Series,命名シリーズ,
Need More Info,詳細情報,
Net Pay,純支払い,
Net Pay (Company Currency),ネットペイ（会社の通貨）,
Net Pay Info,ネットペイ情報,
Net Pay cannot be less than 0,ネットペイは0未満にすることはできません,
Net Salary Amount,純給与額,
Net pay cannot be negative,純賃金は否定的ではありません,
New,新しい,
New Company,新会社,
New Employee ID,新しい従業員ID,
New Feedback,新しいフィードバック,
New Leave(s) Allocated,割り当てられた新しい休暇,
New Leaves Allocated,新しい葉が割り当てられました,
New Leaves Allocated (In Days),新しい葉が割り当てられた（日数）,
New shift assignments will be created after this date.,この日付以降、新しいシフト割り当てが作成されます。,
No,いいえ,
No Data,データなし,
No Employee Found,従業員は見つかりませんでした,
No Employee found for the given employee field value. '{}': {},指定された従業員のフィールド価値について従業員は見つかりませんでした。 '{}'：{},
No Employees Selected,選択した従業員はいません,
No Interview has been scheduled.,インタビューは予定されていません。,
No Leave Period Found,休暇期間は見つかりませんでした,
No Leaves Allocated to Employee: {0} for Leave Type: {1},従業員に割り当てられた葉はありません：{0} leave for leaveタイプ：{1},
No Salary Slip found for Employee: {0},従業員の給与スリップは見つかりません：{0},
No Salary Structure Assignment found for employee {0} on or before {1},{1}の従業員{0}の給与構造の割り当てはありません{0},
No Salary Structure assigned to Employee {0} on the given date {1},指定された日付に従業員に割り当てられた給与構造は{1}に割り当てられていません,
No Salary Structures,給与構造はありません,
No Shift Requests Selected,シフトリクエストは選択されていません,
No Staffing Plans found for this Designation,この指定の人員配置計画は見つかりませんでした,
No active employee found associated with the email ID {0}. Try logging in with your employee email ID or contact your HR manager for access.,電子メールID {0}に関連付けられているアクティブな従業員は見つかりませんでした。従業員の電子メールIDでログインしてみるか、HRマネージャーにアクセスして連絡してください。,
No active or default Salary Structure found for employee {0} for the given dates,指定された日付の従業員{0}にはアクティブまたはデフォルトの給与構造が見つかりません,
No additional expenses has been added,追加費用は追加されていません,
No applicable Earning component found in last salary slip for Gratuity Rule: {0},謝礼ルールの最終給与スリップに該当する収益成分はありません：{0},
No applicable Earning components found for Gratuity Rule: {0},謝礼ルールに該当する収益コンポーネントは見つかりません：{0},
No applicable slab found for the calculation of gratuity amount as per the Gratuity Rule: {0},謝礼の規則に従って、謝礼量の計算に該当するスラブは見つかりません：{0},
No attendance records found for this criteria.,この基準の出席記録は見つかりませんでした。,
No attendance records found.,出席記録は見つかりませんでした。,
No attendance records to create,作成する出席記録はありません,
No changes found in timings.,タイミングに変更は見つかりません。,
No employees found,従業員は見つかりませんでした,
No employees found for the mentioned criteria:<br>Company: {0}<br> Currency: {1}<br>Payroll Payable Account: {2},上記の基準については従業員が見つかりません：<br> company：{0} <br>通貨：{1} <br>給与支払勘定：{2},
No employees found for the selected criteria,選択された基準の従業員は見つかりませんでした,
No employees found with selected filters and active salary structure,選択したフィルターとアクティブな給与構造で従業員が見つかりません,
No feedback has been received yet,まだフィードバックは受けていません,
No items selected,選択されたアイテムはありません,
No leave record found for employee {0} on {1},{1}の従業員{0}の残り記録は見つかりません,
No leaves have been allocated.,葉は割り当てられていません。,
No more updates,もう更新はありません,
No of. Positions,of。位置,
No record found,記録は見つかりません,
No replies from,返信はありません,
No salary slip found to submit for the above selected criteria OR salary slip already submitted,上記の選択された基準またはすでに提出された給与スリップに提出する給与スリップは見つかりません,
No valid shift found for log time,ログ時間に有効なシフトは見つかりませんでした,
No {0} Selected,{0}が選択されていません,
Non Diary,日記以外,
Non Taxable Earnings,非課税対象収益,
Non-Billed Hours,非請求時間,
Non-Billed Hours (NB),非請求時間（NB）,
Non-Encashable Leaves,廃棄できない葉,
Non-Vegetarian,非ベジタリアン,
Not Allowed,許可されていません,
Not Permitted,許可されていません,
Not Started,開始されていません,
Note,注記,
Note: Shift will not be overwritten in existing attendance records,注：シフトは既存の出席記録に上書きされません,
Note: Total allocated leaves {0} shouldn't be less than already approved leaves {1} for the period,注：総割り当てられた葉{0}は、期間中に既に承認された葉{1}よりも少なくすべきではありません,
"Note: Your salary slip is password protected, the password to unlock the PDF is of the format {0}.",注：給与スリップはパスワード保護されており、PDFのロックを解除するパスワードはフォーマット{0}です。,
Notes,メモ,
Nothing to change,変更するものは何もありません,
Notice Period,通知期間,
Notification Template,通知テンプレート,
Notify users by email,電子メールでユーザーに通知します,
Nov,11月,
Number Of Employees,従業員数,
Number Of Positions,ポジション数,
Number of Withholding Cycles,源泉徴収サイクルの数,
Number of leaves eligible for encashment based on leave type settings,休暇タイプの設定に基づいて現金を獲得する資格のある葉の数,
OUT,外,
Obtained Average Rating,平均評価が得られました,
Oct,10月,
Odometer Reading,走行距離計の読み取り,
Odometer Value,走行距離計の値,
Off-Shift,オフシフト,
Off-shift,オフシフト,
Offer Date,オファー日,
Offer Term,オファー用語,
Offer Terms,条件を提供します,
Old Parent,古い親,
On Date,日付,
On Duty,勤務中,
On Hold,保留中,
On Leave,休暇中,
Onboarding Activities,オンボーディングアクティビティ,
Onboarding Begins On,オンボーディングが始まります,
Only Approvers can Approve this Request.,承認者のみがこのリクエストを承認できます。,
Only Completed documents can be submitted,完了したドキュメントのみを提出できます,
Only Employee Grievance with status {0} or {1} can be submitted,ステータス{0}または{1}の従業員の苦情のみを提出できます,
Only Interviewer Are allowed to submit Interview Feedback,インタビュアーのみがインタビューのフィードバックを提出することができます,
Only Interviews with Cleared or Rejected status can be submitted.,クリアまたは拒否ステータスのインタビューのみを提出できます。,
Only Leave Applications with status 'Approved' and 'Rejected' can be submitted,「承認」および「拒否」されたステータスを備えた申請のみを提出できます,
Only Shift Request with status 'Approved' and 'Rejected' can be submitted,ステータス「承認」および「拒否」を使用したシフトリクエストのみを送信できます,
Only Tax Impact (Cannot Claim But Part of Taxable Income),税の影響のみ（課税所得の一部を請求することはできません）,
Only expired allocation can be cancelled,期限切れの割り当てのみをキャンセルできます,
Only interviewers can submit feedback,インタビュアーのみがフィードバックを送信できます,
Only users with the {0} role can create backdated leave applications,{0}役割を持つユーザーのみが、背景の休暇申請を作成できます,
Only {0} Goals can be {1},{0}目標のみが{1}になります,
Open,開ける,
Open & Approved,オープン＆承認,
Open Feedback,オープンフィードバック,
Open Now,今開いてください,
Opening Balance,営業バランス,
Opening Balances,オープニングバランス,
Opening closed.,開口部。,
Optional Holiday List not set for leave period {0},休暇期間に設定されていないオプションのホリデーリスト{0},
Optional Leaves are holidays that Employees can choose to avail from a list of holidays published by the company.,オプションの葉は、従業員が会社が発行した休日のリストから利用することを選択できる休日です。,
Orange,オレンジ,
Organizational Chart,組織チャート,
Other Details,その他の詳細,
Other Settings,その他の設定,
Other Taxes and Charges,その他の税金と料金,
Others,その他,
Out Time,時間,
Out of 5,5つのうち,
Outstanding Amount,未払いの金額,
Over Allocation,オーバー割り当て,
Overall Average Rating,全体の平均評価,
Overlapping Attendance Request,出席者の重複リクエスト,
Overlapping Shift Attendance,シフトの出席率が重複します,
Overlapping Shift Requests,シフトリクエストの重複,
Overlapping Shifts,重複シフト,
Overtime,残業の事前申請,
Overtime Summary,残業の概要,
Overtime work details table,残業作業の詳細表,
Overview,概要,
Overwrite Salary Structure Amount,給与構造の量を上書きします,
Owned,所有,
PAN Number,パン番号,
PF Account,PFアカウント,
PF Amount,PF量,
PF Loan,PFローン,
PWA Notification,PWA通知,
Paid,有料,
Paid Amount,有料金額,
Paid via Salary Slip,給与スリップで支払われます,
Parameter,パラメーター,
Parent Goal,親の目標,
Part-time,パートタイム,
Partial Success,部分的な成功,
"Partially Sponsored, Require Partial Funding",部分的に後援され、部分的な資金が必要です,
Partly Claimed and Returned,部分的に主張され、返されました,
Passport Number,パスポート番号,
Password Policy,パスワードポリシー,
Password policy cannot contain spaces or simultaneous hyphens. The format will be restructured automatically,パスワードポリシーには、スペースや同時のハイフンを含めることはできません。フォーマットは自動的に再構築されます,
Password policy for Salary Slips is not set,給与スリップのパスワードポリシーは設定されていません,
Pay Against Benefit Claim,福利厚生に対する支払い,
Pay Via Payment Entry,支払いエントリで支払います,
Pay via Salary Slip,給与スリップで支払います,
Payable Account,ペイ可能アカウント,
Payable Account is mandatory to submit an Expense Claim,支払請求を提出するには、支払勘定が必須です,
Payables,買掛金,
Payment,支払い,
Payment Account,支払い口座,
Payment Account is mandatory,支払い口座は必須です,
Payment Date,支払い日,
Payment Days,支払い日,
Payment Days Calculation Help,支払い日の計算ヘルプ,
Payment Days Dependency,支払い日の依存,
Payment Days calculations are based on these Payroll Settings,支払い日の計算は、これらの給与設定に基づいています,
Payment Entry,支払いエントリ,
Payment and Accounting,支払いと会計,
Payment of {0} from {1} to {2},{1}から{2}への{0}の支払い,
Payroll,給与,
Payroll Based On,に基づく給与,
Payroll Cost Center,給与コストセンター,
Payroll Cost Centers,給与コストセンター,
Payroll Date,給与日付,
Payroll Employee Detail,給与従業員の詳細,
Payroll Entry,給与エントリ,
Payroll Entry cancellation is queued. It may take a few minutes,給与計算エントリキャンセルがキューになっています。数分かかる場合があります,
Payroll Frequency,給与頻度,
Payroll Info,給与情報,
Payroll Number,給与番号,
Payroll Payable,支払い可能,
Payroll Payable Account,給与計算済みアカウント,
Payroll Period,給与期間,
Payroll Period Date,給与期間の日付,
Payroll Periods,給与期間,
Payroll Settings,給与設定,
Payroll date can not be greater than employee's relieving date.,給与日付は、従業員の緩和日よりも大きくなることはできません。,
Payroll date can not be less than employee's joining date.,給与の日付は、従業員の参加日以下ではありません。,
Pending,保留中,
Pending (unpaid) amount from previous advances,以前の進歩からの保留中の（未払い）金額,
Pending Amount,保留中の金額,
Pending Asset Returns,保留中の資産が返品します,
Pending CEO,申請中の社長,
Pending Final Review,最終審査待ち,
Pending FnF,保留中のFNF,
Pending Interviews,保留中のインタビュー,
Pending Questionnaires,保留中のアンケート,
Percent,パーセント,
Percent Deduction,パーセント控除,
Percentage (%),パーセンテージ（％）,
Phone Number,電話番号,
Piecework,ピースワーク,
Pink,ピンク,
Planned number of Positions,計画されたポジション数,
Please Enable Auto Attendance and complete the setup first.,自動車への出席を有効にし、最初にセットアップを完了してください。,
Please Select Company First,最初に会社を選択してください,
Please add the remaining benefits {0} to any of the existing component,既存のコンポーネントのいずれかに残りの利点{0}を追加してください,
Please add the remaining benefits {0} to the application as pro-rata component,Pro-Rataコンポーネントとして、残りの利点{0}をアプリケーションに追加してください,
Please assign a Salary Structure for Employee {0} applicable from or before {1} first,{1}から最初に適用できる従業員{0}に給与構造を割り当ててください,
Please check if employee is on leave or attendance with the same status exists for selected day(s).,従業員が休暇中または選択した日に同じステータスの出席者が存在するかどうかを確認してください。,
Please confirm once you have completed your training,トレーニングを完了したら確認してください,
Please create a new {0} for the date {1} first.,最初に日付{1}の新しい{0}を作成してください。,
Please delete the Employee {0} to cancel this document,このドキュメントをキャンセルするには、従業員{0}を削除してください,
Please enable default incoming account before creating Daily Work Summary Group,毎日の作業概要グループを作成する前に、デフォルトの着信アカウントを有効にしてください,
Please enter the designation,指定を入力してください,
Please reduce {0} to avoid shift time overlapping with itself,{0}を減らして、それ自体とのシフト時間の重複を避けてください,
Please see attachment,添付ファイルをご覧ください,
Please select Company and Designation,会社と指定を選択してください,
Please select Employee,従業員を選択してください,
Please select Employee first.,最初に従業員を選択してください。,
Please select From Date and Payroll Frequency first,最初に日付と給与の頻度から選択してください,
Please select From Date.,日付から選択してください。,
Please select Shift Schedule and assignment date(s).,シフトスケジュールと割り当て日を選択してください。,
Please select Shift Type and assignment date(s).,シフトのタイプと割り当て日を選択してください。,
Please select a Company,会社を選択してください,
Please select a company first,最初に会社を選択してください,
Please select a company first.,最初に会社を選択してください。,
Please select a csv file,CSVファイルを選択してください,
Please select a date.,日付を選択してください。,
Please select an Applicant,申請者を選択してください,
Please select at least one Shift Request to perform this action.,このアクションを実行するには、少なくとも1つのシフトリクエストを選択してください。,
Please select at least one employee to perform this action.,このアクションを実行するには、少なくとも1人の従業員を選択してください。,
Please select at least one row to perform this action.,このアクションを実行するには、少なくとも1つの行を選択してください。,
Please select company.,会社を選択してください。,
Please select employee first,最初に従業員を選択してください,
Please select employees to create appraisals for,従業員を選択して、評価を作成してください,
Please select half day attendance status.,半日の出席ステータスを選択してください。,
Please select month and year.,月と年を選択してください。,
Please select the Appraisal Cycle first.,最初に評価サイクルを選択してください。,
Please select the attendance status.,出席ステータスを選択してください。,
Please select the employees you want to mark attendance for.,出席したい従業員を選択してください。,
Please select the salary slips to email,メールの給与スリップを選択してください,
Please select {0},{0}を選択してください,
"Please set ""Default Payroll Payable Account"" in Company Defaults",会社のデフォルトで「デフォルトの給与計算支払勘定」を設定してください,
Please set Basic and HRA component in Company {0},会社{0}に基本的なコンポーネントとHRAコンポーネントを設定してください,
Please set Earning Component for Leave type: {0}.,休暇タイプに獲得コンポーネントを設定してください：{0}。,
Please set Payroll based on in Payroll settings,給与設定に基づいて給与計算を設定してください,
Please set Relieving Date for employee: {0},従業員のために救済日を設定してください：{0},
Please set a Default Cash Account in Company defaults,会社のデフォルトでデフォルトのキャッシュアカウントを設定してください,
Please set account in Salary Component {0},給与コンポーネントのアカウントを設定してください{0},
Please set default template for Leave Approval Notification in HR Settings.,HR設定で休暇承認通知のためにデフォルトのテンプレートを設定してください。,
Please set default template for Leave Status Notification in HR Settings.,HR設定での休暇ステータス通知のデフォルトテンプレートを設定してください。,
Please set the Appraisal Template for all the {0} or select the template in the Employees table below.,すべての{0}の評価テンプレートを設定するか、以下の従業員のテーブルのテンプレートを選択してください。,
Please set the Company,会社を設定してください,
Please set the Date Of Joining for employee {0},従業員の参加日を設定してください{0},
Please set the Holiday List.,ホリデーリストを設定してください。,
Please set the relieving date for employee {0},従業員の救済日を設定してください{0},
Please set {0} and {1} in {2}.,{2}に{0}と{1}を設定してください。,
Please set {0} for Employee {1},従業員{1}に{0}を設定してください,
Please set {0} for the Employee: {1},従業員に{0}を設定してください：{1},
Please set {0}.,{0}を設定してください。,
Please setup Employee Naming System in Human Resource > HR Settings,人事> HR設定で従業員の命名システムをセットアップしてください,
Please setup numbering series for Attendance via Setup > Numbering Series,セットアップ>番号付けシリーズを介して出席するための番号付けシリーズをセットアップしてください,
Please share your feedback to the training by clicking on 'Training Feedback' and then 'New',「トレーニングフィードバック」をクリックして「新しい」をクリックして、トレーニングにフィードバックを共有してください,
Please specify the job applicant to be updated.,更新する求職者を指定してください。,
"Please specify {0} and {1} (if any), for the correct tax calculation in future salary slips.",将来の給与スリップでの正しい税の計算については、{0}と{1}（ある場合）を指定してください。,
Please submit the {0} before marking the cycle as Completed,完了したサイクルをマークする前に{0}を送信してください,
Please update your status for this training event,このトレーニングイベントのステータスを更新してください,
Posted On,投稿しました,
Posting Date,投稿日,
Posting date,投稿日,
Preferred Area for Lodging,宿泊用の優先エリア,
Present,現在,
Present Records,現在の記録,
Prevent self approval for leaves even if user has permissions,ユーザーが許可を持っていても、葉の自己承認を防ぐ,
Preview Salary Slip,プレビューサラリースリップ,
Principal Amount,元本,
Print Heading,見出しを印刷します,
Printed On {0},{0}に印刷,
Printing Details,詳細の印刷,
Privilege Leave,特権休暇,
Probation,保護観察,
Probationary Period,試用期間,
Process Attendance After,後の出席を処理します,
Process Payroll Accounting Entry based on Employee,従業員に基づいて給与計算の会計エントリを処理します,
Process Requests,プロセスリクエスト,
Process Shift Requests,プロセスシフトリクエスト,
Process leave encashment via a separate Payment Entry instead of Salary Slip,給与スリップの代わりに、個別の支払いエントリを介してプロセスの休暇の獲得,
Process {0} Shift Request(s) as <b>{1}</b>?,Process {0} shift request（s）as <b> {1} </b>？,
Processing Requests,リクエストの処理,
Processing Requests...,リクエストの処理...,
Processing of Shift Requests has been queued. It may take a few minutes.,シフトリクエストの処理がキューになっています。数分かかる場合があります。,
Professional Tax Deductions,税務上の控除,
Proficiency,習熟度,
Profit,利益,
Progress,進捗,
Project,プロジェクト,
Promotion Date,プロモーション日,
Property,財産,
Property already added,プロパティはすでに追加されています,
Provident Fund Deductions,積立基金控除,
Publish Applications Received,受信したアプリケーションを公開します,
Publish Salary Range,給与範囲を公開します,
Publish on website,ウェブサイトで公開します,
Purpose,目的,
Purpose & Amount,目的と金額,
Purpose of Travel,旅行の目的,
Quarterly,四半期,
Questionnaire Email Sent,アンケートメールが送信されました,
Queued,キュー,
Quick Filters,クイックフィルター,
Quick Links,クイックリンク,
Radius within which check-in is allowed (in meters),チェックインが許可されている半径（メートル）,
Raised By,によって上げられた,
Rate,レート,
Rate Goals Manually,手動で目標を評価します,
Rating,評価,
Rating Criteria,評価基準,
Ratings,評価,
Re-allocate Leaves,葉を再割り当てします,
Read,読む,
Reason,理由,
Reason for Requesting,リクエストの理由,
Reason for Withholding Salary,源泉徴収の理由,
Reason for skipping auto attendance:,自動車出席をスキップする理由：,
Receivables,売掛金,
Recent Attendance Requests,最近の出席要求,
Recent Expenses,最近の費用,
Recent Leaves,最近の葉,
Recent Shift Requests,最近のシフトリクエスト,
Recommended for a single biometric device / checkins via mobile app,モバイルアプリを介して単一の生体認証デバイス /チェックインに推奨,
Recover Cost,コストを回収します,
Recruitment Analytics,採用分析,
Red,赤,
Reference,参照,
Reference Document,参照ドキュメント,
Reference Document Name,参照文書名,
Reference Document Type,参照ドキュメントタイプ,
Reference: {0},参照：{0},
References,参照,
Referral Bonus Payment Status,紹介ボーナス支払いステータス,
Referral Details,紹介の詳細,
Referrer,リファラー,
Referrer Details,リファラーの詳細,
Referrer Name,リファラー名,
Reflections,反射,
Refuelling Details,燃料補給の詳細,
Reject,拒否,
Reject Employee Referral,従業員の紹介を拒否します,
Rejected,拒否された,
Release Withheld Salaries,差し控えられた給与をリリースします,
Released,リリース,
Relieving Date,緩和日,
Relieving Date ,緩和日,
Relieving Date Missing,不足している日付を緩和します,
Reload,リロード,
Remaining Benefits (Yearly),残りの利益（年間）,
Remark,述べる,
Remarks,備考,
Remind Before,前に思い出させてください,
Reminded,思い出させる,
Reminder,リマインダー,
Reminders,リマインダー,
Remove if Zero Valued,ゼロの価値がある場合は削除します,
Rented Car,レンタカー,
Reopen,再開します,
Repay From Salary,給与から返済します,
Repay From Salary can be selected only for term loans,給与からの返済は、期間ローンのみで選択できます,
Repay Unclaimed Amount from Salary,給与から請求されていない金額を返済します,
Repeat On Days,日に繰り返します,
Replied,答えた,
Replies,返信,
Reports,報告,
Reports To,に報告します,
Request Attendance,出席者をリクエストします,
Request a Leave,休暇を要求します,
Request a Shift,シフトをリクエストします,
Requested By,要求,
Requested By (Name),（名前）でリクエスト,
Require Full Funding,完全な資金が必要です,
Required Skills,必要なスキル,
Required for Employee Creation,従業員の作成に必要です,
Reschedule Interview,再スケジュールインタビュー,
Resignation Letter Date,辞任書の日付,
Resolution Date,解決日,
Resolution Details,解決の詳細,
Resolved,解決しました,
Resolved By,解決されました,
Responsibilities,責任,
Restrict Backdated Leave Application,背景の休暇申請を制限します,
Result,結果,
Resume,再開する,
Resume Attachment,履歴書の添付ファイル,
Resume Link,履歴書リンク,
Resume link,履歴書リンク,
Retained,保持,
Retention Bonus,保持ボーナス,
Retirement Age (In Years),退職年齢（年）,
Return,戻る,
Return amount cannot be greater than unclaimed amount,返品金額は、請求額より大きくなることはできません,
Returned,返された,
Returned Amount,返された金額,
Review various other settings related to Employee Leaves and Expense Claim,従業員の休暇や費用の請求に関連する他のさまざまな設定を確認する,
Reviewer,レビュアー,
Reviewer Name,レビュアー名,
Revised CTC,改訂されたCTC,
Right,右,
Role,役割,
Role Allowed to Create Backdated Leave Application,バックデート休暇申請を作成することが許可されています,
Roster,名簿,
Roster Color,名簿の色,
Round Name,丸い名前,
Round off Work Experience,仕事の経験を丸くします,
Round to the Nearest Integer,最も近い整数に丸,
Rounded Total,丸い合計,
Rounded Total (Company Currency),丸い合計（会社の通貨）,
Rounding,丸め,
Route,ルート,
Route to the custom Job Application Webform,カスタムジョブアプリケーションWebformへのルート,
Row #{0}: Cannot set amount or formula for Salary Component {1} with Variable Based On Taxable Salary,行＃{0}：課税給与に基づいて変数を持つ給与コンポーネント{1}の金額または公式を設定できません,
Row #{0}: The {1} Component has the options {2} and {3} enabled.,行＃{0}：{1}コンポーネントには、{2}および{3}が有効になっているオプションがあります。,
Row #{0}: Timesheet amount will overwrite the Earning component amount for the Salary Component {1},行＃{0}：タイムシートの金額は、給与コンポーネントの収益コンポーネント額を上書きします{1},
Row No {0}: Amount cannot be greater than the Outstanding Amount against Expense Claim {1}. Outstanding Amount is {2},row no {0}：金額は、費用請求に対する未払いの金額よりも大きくなることはできません{1}。未払いの金額は{2}です,
Row {0}# Allocated amount {1} cannot be greater than unclaimed amount {2},row {0}＃割り当てられた金額{1}は、請求されていない金額{2}よりも大きくすることはできません,
Row {0}# Paid Amount cannot be greater than Encashment amount,row {0}＃支払額は現金額より大きくできません,
Row {0}# Paid Amount cannot be greater than Total amount,row {0}＃支払額は合計金額を超えることはできません,
Row {0}# Paid Amount cannot be greater than requested advance amount,row {0}＃支払額は、要求された事前額より大きくなることはできません,
Row {0}: Cost Center {1} does not belong to Company {2},row {0}：コストセンター{1}は会社{2}に属していません,
Row {0}: From (Year) can not be greater than To (Year),row {0}：（year）は（年）より大きくなることはできません,
Row {0}: Goal Score cannot be greater than 5,行{0}：ゴールスコアは5を超えることはできません,
Row {0}: Paid amount {1} is greater than pending accrued amount {2} against loan {3},row {0}：支払額{1}は、ローン{3}に対して保留中の未払額{2}よりも大きいです,
Row {0}: {1},row {0}：{1},
Row {0}: {1} is required in the expenses table to book an expense claim.,行{0}：{1}は、費用請求を予約するために費用表に必要です。,
Rules,ルール,
Salary,給料,
Salary Component,給与コンポーネント,
Salary Component ,給与コンポーネント,
Salary Component Account,給与コンポーネントアカウント,
Salary Component Type,給与コンポーネントタイプ,
Salary Component for timesheet based payroll.,タイムシートベースの給与計算の給与コンポーネント。,
Salary Component {0} is currently not used in any Salary Structure.,給与コンポーネント{0}は現在、給与構造では使用されていません。,
Salary Currency,給与通貨,
Salary Detail,給与の詳細,
Salary Details,給与の詳細,
Salary Expectation,給与の期待,
Salary Paid Per,給与ごとに支払われます,
Salary Payments Based On Payment Mode,支払いモードに基づく給与の支払い,
Salary Payments via ECS,ECSによる給与支払い,
Salary Range,給与範囲,
Salary Register,給与登録,
Salary Slip,給与スリップ,
Salary Slip Based on Timesheet,タイムシートに基づく給与スリップ,
Salary Slip ID,給与スリップID,
Salary Slip Leave,給与の滑り止め,
Salary Slip Loan,給与スリップローン,
Salary Slip Timesheet,給与スリップタイムシート,
Salary Slip already exists for {0} for the given dates,指定された日付の{0}に対して給与スリップはすでに存在します,
Salary Slip creation is queued. It may take a few minutes,給与スリップの作成がキューになっています。数分かかる場合があります,
Salary Slip of employee {0} already created for this period,この期間にすでに作成された従業員{0}の給与スリップ,
Salary Slip of employee {0} already created for time sheet {1},従業員の給与スリップ{0}既にタイムシートのために作成された{1},
Salary Slip submission is queued. It may take a few minutes,給与スリップの提出がキューになっています。数分かかる場合があります,
Salary Slip {0} failed for Payroll Entry {1},給与式{0}が給与エントリに失敗しました{1},
Salary Slip {0} failed. You can resolve the {1} and retry {0}.,給与スリップ{0}が失敗しました。 {1}とretry {0}を解決できます。,
Salary Slips Created,給与スリップが作成されました,
Salary Slips Submitted,給与スリップが提出されました,
"Salary Slips already exist for employees {}, and will not be processed by this payroll.",従業員にはすでに給与スリップが存在し、この給与によって処理されません。,
Salary Slips submitted for period from {0} to {1},給与スリップは、{0}から{1}までの期間提出されました,
Salary Structure,給与構造,
Salary Structure Assignment,給与構造の割り当て,
Salary Structure Assignment field,給与構造の割り当てフィールド,
Salary Structure Assignment for Employee already exists,従業員の給与構造の割り当てはすでに存在しています,
Salary Structure Missing,給与構造がありません,
Salary Structure must be submitted before submission of {0},{0}の提出前に給与構造を提出する必要があります,
Salary Structure not found for employee {0} and date {1},従業員の給与構造{0}と日付{1},
Salary Structure should have flexible benefit component(s) to dispense benefit amount,給与構造には、給付金額を分配するための柔軟な利益コンポーネントが必要です,
Salary Structure {0} does not belong to company {1},給与構造{0}は会社{1}に属していません,
Salary Structures updated successfully,給与構造は正常に更新されました,
Salary Withholding,給与源泉徴収,
Salary Withholding Cycle,給与源泉徴収サイクル,
Salary Withholding {0} already exists for employee {1} for the selected period,給与源泉徴収{0}は、選択した期間の従業員{1}にはすでに存在します,
"Salary already processed for period between {0} and {1}, Leave application period cannot be between this date range.",{0}と{1}の間に既に処理されている給与は、この日付範囲の間で適用期間を残すことはできません。,
Salary breakup based on Earning and Deduction.,収入と控除に基づく給与の分裂。,
"Salary components of type Provident Fund, Additional Provident Fund or Provident Fund Loan are not set up.",タイプの積立基金、追加の積立基金、または積立基金ローンの給与コンポーネントは設定されていません。,
Salary components should be part of the Salary Structure.,給与コンポーネントは給与構造の一部である必要があります。,
Salary slip emails have been enqueued for sending. Check {0} for status.,給与スリップの電子メールは送信のためにエンキューされています。 {0}を確認してください。,
Sales Invoice,販売請求書,
Same Company is entered more than once,同じ会社が複数回参加しています,
Sanctioned Amount,認可された金額,
Sanctioned Amount cannot be greater than Claim Amount in Row {0}.,認可された金額は、{0}の請求額を超えることはできません。,
Saturday,土曜日,
Scheduled,スケジュール,
Scheduled On,スケジュール,
Score (0-5),スコア（0-5）,
Score Earned,獲得したスコア,
Score must be less than or equal to 5,スコアは5以下でなければなりません,
Scores,スコア,
Search for Jobs,ジョブを検索します,
Select Company,Companyを選択します,
Select Employees,従業員を選択します,
Select Interview Round First,最初にインタビューラウンドを選択します,
Select Interview first,最初にインタビューを選択してください,
Select Payment Account to make Bank Entry,支払いアカウントを選択して、銀行入力を行います,
Select Payroll Frequency.,給与頻度を選択します。,
Select Property,プロパティを選択します,
Select Shift Requests,Shiftリクエストを選択します,
Select Terms and Conditions,利用規約を選択します,
Select Users,ユーザーを選択します,
Select an employee to get the employee advance.,従業員を選択して、従業員を前進させます。,
Select the Employee for which you want to allocate leaves.,葉を割り当てたい従業員を選択します。,
Select the Employee.,従業員を選択します。,
"Select the Leave Type like Sick leave, Privilege Leave, Casual Leave, etc.",病気休暇、特権休暇、カジュアル休暇などの休暇タイプを選択します。,
Select the date after which this Leave Allocation will expire.,この休暇配分が期限切れになる日付を選択します。,
Select the date from which this Leave Allocation will be valid.,この休暇配分が有効になる日付を選択します。,
Select the end date for your Leave Application.,休暇申請の終了日を選択します。,
Select the start date for your Leave Application.,休暇申請の開始日を選択します。,
Select this if you want shift assignments to be automatically created indefinitely.,シフト割り当てを無期限に自動的に作成する場合は、これを選択します。,
"Select type of leave the employee wants to apply for, like Sick Leave, Privilege Leave, Casual Leave, etc.",選択したタイプの休暇従業員は、病気休暇、特権休暇、カジュアルな休暇など、申請したいと考えています。,
Select your Leave Approver i.e. the person who approves or rejects your leaves.,休暇承認者、つまり葉を承認または拒否する人を選択します。,
Select {0},{0}を選択します,
Self Appraisal,自己評価,
Self Appraisal Pending: {0},保留中の自己評価：{0},
Self Appraisal Score,自己評価スコア,
Self Score,自己スコア,
Self-Study,自己学習,
Self-approval for leaves is not allowed,葉の自己承認は許可されていません,
Seminar,セミナー,
Send Emails At,でメールを送信します,
Send Exit Questionnaire,出口アンケートを送信します,
Send Exit Questionnaires,出口アンケートを送信します,
Send Interview Feedback Reminder,インタビューのフィードバックリマインダーを送信します,
Send Interview Reminder,インタビューリマインダーを送信してください,
Send Leave Notification,休暇通知を送信します,
Sender,送信者,
Sender Email,送信者のメール,
Sending Failed due to missing email information for employee(s): {1},従業員の電子メール情報が欠落しているために失敗した送信：{1},
Sent,送信済み,
Sent Successfully: {0},正常に送信：{0},
Sep,9月,
Separation Activities,分離活動,
Separation Begins On,分離が始まります,
Series,シリーズ,
Service,サービス,
Service Details,サービスの詳細,
Service Expense,サービス費用,
Service Expenses,サービス費用,
Service Item,サービスアイテム,
Session Defaults,セッションのデフォルト,
"Set ""From(Year)"" and ""To(Year)"" to 0 for no upper and lower limit.",上限と下限なしで「（年）」と「（年）」を0に設定します。,
Set Assignment Details,割り当ての詳細を設定します,
Set Leave Details,休暇の詳細を設定します,
Set Relieving Date for Employee: {0},従業員の救済日を設定する：{0},
Set filters to fetch employees,フィルターを設定して従業員を取得します,
Set opening balances for earnings and taxes from the previous employer,前の雇用主からの収入と税金のオープニングバランスを設定する,
Set optional filters to fetch employees in the appraisee list,Appraiseeリストに従業員を取得するためにオプションのフィルターを設定します,
Set the default account for the {0} {1},{0} {1}のデフォルトアカウントを設定します,
Set the frequency for holiday reminders,休日のリマインダーの頻度を設定します,
Set the properties that should be updated in the Employee master on promotion submission,プロモーションの提出時に従業員マスターで更新されるべきプロパティを設定します,
Set the status to {0} if required.,必要に応じてステータスを{0}に設定します。,
Set {0} for selected employees,選択した従業員に{0}を設定します,
Settings,設定,
Settings Missing,設定がありません,
Settle all Payables and Receivables before submission,提出する前に、すべての支払額と売掛金を解決します,
Settled,落ち着いた,
Shared document with the user {0} with 'Submit' permission,「送信」許可を使用して、ユーザー{0}とドキュメントを共有しました,
Shift,シフト,
Shift Actual End,実際の端をシフトします,
Shift Actual End Time,実際の終了時間をシフトします,
Shift Actual Start,実際の開始をシフトします,
Shift Actual Start Time,実際の開始時間をシフトします,
Shift Assignment,シフト割り当て,
Shift Assignment Details,割り当ての詳細をシフトします,
Shift Assignment Tool,シフト割り当てツール,
Shift Assignment: {0} created for Employee: {1},シフト割り当て：{0}従業員向けに作成：{1},
Shift Attendance,シフトの出席,
Shift Details,詳細をシフトします,
Shift End,シフトエンド,
Shift End Time,終了時間をシフトします,
Shift Location,シフトの場所,
Shift Request,シフトリクエスト,
Shift Request Approver,シフトリクエスト承認者,
Shift Request Filters,シフトリクエストフィルター,
Shift Requests ending before this date will be excluded.,この日付の前に終了するシフトリクエストは除外されます。,
Shift Requests starting after this date will be excluded.,この日付以降のシフトリクエストは除外されます。,
Shift Schedule,シフトスケジュール,
Shift Schedule Assignment,シフトスケジュールの割り当て,
Shift Settings,シフト設定,
Shift Start,シフト開始,
Shift Start Time,開始時間をシフトします,
Shift Status,シフトステータス,
Shift Timings,シフトタイミング,
Shift Tools,シフトツール,
Shift Type,シフトタイプ,
Shift has been successfully updated to {0}.,シフトは{0}に正常に更新されました。,
Show Employee,従業員を表示します,
Show Leave Balances in Salary Slip,給与スリップの休暇残高を表示します,
Show Leaves Of All Department Members In Calendar,カレンダーのすべての部門メンバーの葉を表示します,
Show Salary Slip,給与スリップを表示します,
Showing,表示,
Sick Leave,病気休暇,
Single Assignment,単一の割り当て,
Skill,スキル,
Skill Assessment,スキル評価,
Skill Name,スキル名,
Skills,スキル,
Skip Auto Attendance,自動出席をスキップします,
"Skipping Salary Structure Assignment for the following employees, as Salary Structure Assignment records already exists against them. {0}",給与構造の割り当て記録がすでに存在するため、次の従業員の給与構造の割り当てをスキップします。 {0},
Slack,スラック,
Slack channel opening application,Slackチャンネル開設申請,
Slack channel opening application participant list table,スラックチャネルオープニングアプリケーション参加者リストテーブル,
Slack for external users table,外部ユーザーのテーブルのスラック,
Source,ソース,
Source Name,ソース名,
Source and Rating,ソースと評価,
Source and target shifts cannot be the same,ソースとターゲットのシフトは同じではありません,
Sponsored Amount,スポンサー額,
Staffing Details,人員配置の詳細,
Staffing Plan,人員配置計画,
Staffing Plan Detail,人員配置計画の詳細,
Staffing Plan {0} already exist for designation {1},人員配置{0}は、指定のためにすでに存在します{1},
Standard Tax Exemption Amount,標準免税額,
Standard Working Hours,標準勤務時間,
Start,始める,
Start Date,開始日,
Start Time,開始時間,
"Start and end dates not in a valid Payroll Period, cannot calculate {0}",有効な給与期間ではなく開始日と終了日は、{0}を計算できません,
"Start and end dates not in a valid Payroll Period, cannot calculate {0}.",有効な給与期間ではなく開始日と終了日は、{0}を計算できません。,
Start date: {0},開始日：{0},
Start time and end time cannot be same.,開始時間と終了時間は同じではありません。,
Statistical Component,統計コンポーネント,
Status,状態,
Status for Other Half,他の半分のステータス,
Stock Options,ストックオプション,
Stop users from making Leave Applications on following days.,次の日にユーザーが休暇申請をするのを止めます。,
Strictly based on Log Type in Employee Checkin,従業員のチェックインのログタイプに厳密に基づいています,
Structures have been assigned successfully,構造は正常に割り当てられています,
Subject,主題,
Submission Date,提出日,
Submission Failed,提出に失敗しました,
Submission of {0} before {1} is not allowed,{1}の前に{0}の提出は許可されていません,
Submit,提出する,
Submit Feedback,フィードバックを送信します,
Submit Now,今すぐ送信してください,
Submit Proof,証明を提出します,
Submit Salary Slip,給与スリップを提出します,
Submit this Leave Application to confirm.,この休暇申請書を提出して確認してください。,
Submit this to create the Employee record,これを提出して、従業員の記録を作成します,
Submitted,提出,
Submitting Salary Slips and creating Journal Entry...,給与スリップを提出してジャーナルエントリを作成します...,
Submitting Salary Slips...,給与スリップを提出します...,
Subsidiary companies have already planned for {1} vacancies at a budget of {2}. Staffing Plan for {0} should allocate more vacancies and budget for {3} than planned for its subsidiary companies,補助会社は、{2}の予算で{1}空席をすでに計画しています。 {0}の人員配置計画は、子会社のために計画されているよりも{3}の多くの空席と予算を割り当てる必要があります,
Success,成功,
Successfully created {0} for employees:,従業員向けに{0}を正常に作成しました：,
Successfully {0} {1} for the following employees:,次の従業員のために{0} {1}に成功します。,
Sum of all previous slabs,以前のすべてのスラブの合計,
Summarized View,要約されたビュー,
Sunday,日曜日,
Supplier,サプライヤー,
Suspended,一時停止中,
Sync {0},同期{0},
Syntax error,構文エラー,
Syntax error in condition: {0} in Income Tax Slab,条件の構文エラー：{0}所得税スラブ,
System Health,システムの健康,
System Manager,システムマネージャー,
Take Exact Completed Years,正確に完了した数年かかります,
Task,タスク,
Task Weight,タスクの重み,
Tax Deducted Till Date,これまで控除された税金,
Tax Exemption Category,免税カテゴリ,
Tax Exemption Declaration,免税宣言,
Tax Exemption Proofs,免税証明,
Tax on additional salary,追加の給与に税金,
Tax on flexible benefit,柔軟な利益に対する税金,
Taxable Earnings Till Date,これまでの課税収益,
Taxable Income Relief Threshold Limit,課税所得救済のしきい値制限,
Taxable Salary Slab,課税対象の給与スラブ,
Taxable Salary Slabs,課税対象の給与スラブ,
Taxes & Charges,税金と料金,
Taxes and Charges on Income Tax,所得税に対する税金と料金,
Taxi,タクシー,
Team Updates,チームの更新,
Template Name,テンプレート名,
Terms,条項,
Terms and Conditions,利用規約,
Thank you,ありがとう,
The currency of {0} should be same as the company's default currency. Please select another account.,{0}の通貨は、会社のデフォルト通貨と同じでなければなりません。別のアカウントを選択してください。,
The date on which Salary Component with Amount will contribute for Earnings/Deduction in Salary Slip. ,金額の給与コンポーネントが給与スリップの収益/控除に貢献する日付。,
The day of the month when leaves should be allocated,葉を割り当てるべき月の日,
The day(s) on which you are applying for leave are holidays. You need not apply for leave.,休暇を申請する日は休日です。休暇を申請する必要はありません。,
The days between {0} to {1} are not valid holidays.,{0}から{1}の間の日は有効な休日ではありません。,
The first Approver in the list will be set as the default Approver.,リストの最初の承認者は、デフォルトの承認者として設定されます。,
The fraction of Daily Salary per Leave should be between 0 and 1,休暇ごとの毎日の給与の割合は0〜1の間でなければなりません,
The fraction of daily wages to be paid for half-day attendance,半日の出席に対して支払われる毎日の賃金の割合,
The metrics for this report are calculated based on the {0}. Please set {0} in {1}.,このレポートのメトリックは、{0}に基づいて計算されます。 {1}に{0}を設定してください。,
The metrics for this report are calculated based on {0}. Please set {0} in {1}.,このレポートのメトリックは、{0}に基づいて計算されます。 {1}に{0}を設定してください。,
"The salary slip emailed to the employee will be password protected, the password will be generated based on the password policy.",従業員にメールで送信される給与スリップはパスワード保護され、パスワードはパスワードポリシーに基づいて生成されます。,
The time after the shift start time when check-in is considered as late (in minutes).,チェックインが遅い（数分で）と見なされるシフト開始時間後の時間。,
The time before the shift end time when check-out is considered as early (in minutes).,チェックアウトが早期（数分で）と見なされるシフト終了時間の前の時間。,
The time before the shift start time during which Employee Check-in is considered for attendance.,従業員のチェックインが出席のために検討されるシフト開始時間の前の時間。,
Theory,理論,
There are more holidays than working days this month.,今月の営業日よりも多くの休日があります。,
There are no vacancies under staffing plan {0},人員配置計画の下に空席はありません{0},
There is no Salary Structure assigned to {0}. First assign a Salary Stucture.,{0}に割り当てられた給与構造はありません。最初に給与の構造を割り当てます。,
There's no Employee with Salary Structure: {0}. Assign {1} to an Employee to preview Salary Slip,給与構造の従業員はいません：{0}。 {1}を従業員に割り当てて、給与スリップをプレビューします,
"These leaves are holidays permitted by the company however, availing it is optional for an Employee.",これらの葉は会社によって許可されている休日ですが、利用することは従業員にとってオプションです。,
This action will prevent making changes to the linked appraisal feedback/goals.,このアクションは、リンクされた評価フィードバック/目標を変更するのを防ぎます。,
"This check-in is outside assigned shift hours and will not be considered for attendance. If a shift is assigned, adjust its time window and Fetch Shift again.",このチェックインは、割り当てられたシフト時間外であり、出席者とは考慮されません。シフトが割り当てられている場合は、タイムウィンドウを調整し、再度シフトを取得します。,
This compensatory leave will be applicable from {0}.,この代償休暇は{0}から適用されます。,
This employee already has a log with the same timestamp.{0},この従業員はすでに同じタイムスタンプを持つログを持っています。{0},
This error can be due to invalid formula or condition.,このエラーは、式または条件が無効なためです。,
This error can be due to invalid syntax.,このエラーは、無効な構文によるものである可能性があります。,
This error can be due to missing or deleted field.,このエラーは、フィールドの欠落または削除によるものです。,
This field allows you to set the maximum number of consecutive leaves an Employee can apply for.,このフィールドを使用すると、従業員が申請できる連続した葉の最大数を設定できます。,
This field allows you to set the maximum number of leaves that can be allocated annually for this Leave Type while creating the Leave Policy,このフィールドを使用すると、休暇ポリシーを作成しながら、この休暇タイプに毎年割り当てることができる葉の最大数を設定できます,
This is based on the attendance of this Employee,これは、この従業員の出席に基づいています,
This method is only meant for developer mode,この方法は、開発者モードのみを目的としています,
This will submit Salary Slips and create accrual Journal Entry. Do you want to proceed?,これにより、給与スリップが提出され、発生ジャーナルエントリが作成されます。先に進みたいですか？,
Thursday,木曜日,
Time,時間,
Time Interval,時間間隔,
Time Sheet,タイムシート,
Time after the end of shift during which check-out is considered for attendance.,チェックアウトが出席のために検討されるシフトの終了後の時間。,
Time taken to fill the open positions,オープンポジションを埋めるのに時間がかかります,
Time to Fill,埋める時間,
Timelines,タイムライン,
Timesheet,タイムシート,
Timesheet Details,タイムシートの詳細,
Timing,タイミング,
Title,タイトル,
To,に,
To Amount,金額,
To Date,現在まで,
To Date cannot be before From Date,これまでには、これまでにないことはできません,
To Date should be greater than From Date,現在までには、これよりも大きくなければなりません,
To Time,時間に,
To User,ユーザーに,
"To allow this, enable {0} under {1}.",これを許可するには、{1}の下で{0}を有効にします。,
To apply for a Half Day check 'Half Day' and select the Half Day Date,半日を申請するには、「半日」を確認し、半日の日付を選択してください,
To date can not be equal or less than from date,これまでには、これまでに等しくないか、,
To date can not be greater than employee's relieving date.,現在までに、従業員の救済日よりも大きくなることはできません。,
To date can not be less than from date,現在までには、これまでではありません,
To date can not greater than employee's relieving date,現在までに、従業員の緩和日よりも大きくはありません,
To date cannot be before from date,これまでには、これまでにないことはできません,
"To overwrite the salary component amount for a tax component, please enable {0}",税コンポーネントの給与コンポーネントの金額を上書きするには、{0}を有効にしてください,
To(Year),to（year）,
To(Year) year can not be less than From(year),（年）の年は（年）以上になることはできません,
Today is {0}'s birthday 🎉,今日は{0}の誕生日です,
Today {0} at our Company! 🎉,今日{0}私たちの会社で！ 🎉,
Today {0} completed {1} year(s) at our Company! 🎉,今日{0}私たちの会社で{1}年を完了しました！ 🎉,
Toggle Full Width,全幅を切り替えます,
Toggle Theme,テーマを切り替えます,
Total,合計,
Total Absent,合計不在,
Total Actual Amount,総実際の金額,
Total Advance Amount,総前払い金額,
Total Allocated Leave(s),総割り当て休暇,
Total Allocated Leaves,総割り当てられた葉,
Total Amount,合計金額,
Total Amount Reimbursed,合計金額が払い戻されました,
Total Amount cannot be zero,総額はゼロになりません,
Total Asset Recovery Cost,総資産回収コスト,
Total Billed Hours,合計請求時間,
Total Claimed Amount,総額,
Total Declared Amount,合計宣言額,
Total Deduction,総控除,
Total Deduction (Company Currency),総控除（会社の通貨）,
Total Early Exits,総早期出口,
Total Earning,総収益,
Total Earnings,総収益,
Total Estimated Budget,総推定予算,
Total Estimated Cost,総推定コスト,
Total Exemption Amount,総免除額,
Total Expense Amount,総費用額,
Total Expense Claim (via Expense Claim),総費用請求（費用請求による）,
Total Expense Claim (via Expense Claims),総費用請求（費用請求を介して）,
Total Goal Score,合計ゴールスコア,
Total Gross Pay,総総賃金,
Total Holidays,総休暇,
Total Hours (T),合計時間（t）,
Total Income Tax,総所得税,
Total Interest Amount,総金額,
Total Late Entries,総遅延エントリ,
Total Leave Days,総休暇日,
Total Leaves,総葉,
Total Leaves ({0}),総葉（{0}）,
Total Leaves Allocated,総葉が割り当てられます,
Total Leaves Encashed,総葉が獲得されました,
Total Loan Repayment,総ローンの返済,
Total Net Pay,総純支払い,
Total Non-Billed Hours,合計非請求時間,
Total Payable Amount,総支払額,
Total Payment,総支払い,
Total Present,総存在,
Total Principal Amount,総元本,
Total Receivable Amount,総売買額,
Total Resignations,総辞任,
Total Sanctioned Amount,総認可額,
Total Score,合計スコア,
Total Self Score,総自己スコア,
Total Taxes and Charges,総税と料金,
Total Working Hours,合計労働時間,
Total advance amount cannot be greater than total sanctioned amount,総アドバンス額は総認可額を大きくすることはできません,
Total allocated leaves are more than maximum allocation allowed for {0} leave type for employee {1} in the period,総割り当てられた葉は、期間中の従業員{1}の{0}休暇タイプに許可される最大割り当て以上です,
Total allocated leaves {0} cannot be less than already approved leaves {1} for the period,総割り当てられた葉{0}は、期間中にすでに承認された葉{1}よりも少ないことはできません,
Total flexible benefit component amount {0} should not be less than max benefits {1},合計柔軟な利益コンポーネントの量{0}は最大利益{1}よりも小さいはずです,
Total in words,言葉で合計,
Total in words (Company Currency),単語の合計（会社の通貨）,
Total leaves allocated cannot exceed annual allocation of {0}.,割り当てられた総葉は、{0}の年間割り当てを超えることはできません。,
Total leaves allocated is mandatory for Leave Type {0},割り当てられた総葉は、休暇タイプ{0}に必須です,
Total percentage against cost centers should be 100,コストセンターに対する合計割合は100でなければなりません,
Total salary booked against this component for this employee from the beginning of the year (payroll period or fiscal year) up to the current salary slip's end date.,年の初め（給与期間または会計年度）から現在の給与スリップの終了日まで、この従業員のこのコンポーネントに対して予約された総給与。,
Total salary booked for this employee from the beginning of the month up to the current salary slip's end date.,月の初めから現在の給与スリップの終了日まで、この従業員向けに予約された合計給与。,
Total salary booked for this employee from the beginning of the year (payroll period or fiscal year) up to the current salary slip's end date.,年の初め（給与期間または会計年度）から現在の給与スリップの終了日まで、この従業員の総給与が予約されました。,
"Total weightage for all {0} must add up to 100. Currently, it is {1}%",すべての{0}の合計重量は100になる必要があります。現在、{1}％です,
Total working Days Per Year,年間合計勤務日,
Total working hours should not be greater than max working hours {0},合計労働時間は最大労働時間より大きくはない{0},
Totals,合計,
Train,電車,
Trainer Email,トレーナーのメール,
Trainer Name,トレーナー名,
Training,トレーニング,
Training Date,トレーニング日,
Training Event,トレーニングイベント,
Training Event Employee,トレーニングイベントの従業員,
Training Event:,トレーニングイベント：,
Training Events,トレーニングイベント,
Training Feedback,トレーニングフィードバック,
Training Program,トレーニングプログラム,
Training Result,トレーニング結果,
Training Result Employee,トレーニング結果の従業員,
Trainings,トレーニング,
Transaction Date,取引日,
Transaction Name,トランザクション名,
Transaction Type,トランザクションタイプ,
Transactions,トランザクション,
Transactions cannot be created for an Inactive Employee {0}.,非アクティブな従業員{0}に対してトランザクションを作成することはできません。,
Transfer Date,転送日,
Travel,旅行,
Travel Advance Required,旅行の前進が必要です,
Travel From,旅行,
Travel Funding,旅行資金,
Travel Itinerary,旅行の旅程,
Travel Request,旅行リクエスト,
Travel Request Costing,旅行リクエストのコスト,
Travel To,旅行,
Travel Type,旅行タイプ,
Tuesday,火曜日,
Type,タイプ,
Type of Proof,証明の種類,
Unable to find Salary Component {0},給与コンポーネントを見つけることができません{0},
Unable to retrieve your location,あなたの場所を取得できません,
Unarchive,未アーティ,
Unclaimed Amount,請求額,
Under Review,レビュー中,
Unlink Payment,支払いを解除します,
Unlinked Attendance record from Employee Checkins: {},従業員のチェックインからのリンクされていない出席記録：{},
Unlinked logs,リンクされていないログ,
Unmarked Attendance for days,何日もマークされていない出席者,
Unmarked Check-in Logs Found,マークのないチェックインログが見つかりました,
Unmarked Days,マークのない日,
Unmarked Employee Header,マークされていない従業員ヘッダー,
Unmarked Employees HTML,マークされていない従業員HTML,
Unmarked days,マークのない日,
Unpaid,未払い,
Unpaid Expense Claim,未払いの費用請求,
Unsettled,不安定,
Unsettled Transactions,不安定なトランザクション,
Unsubmitted Appraisals,住宅のない評価,
Untracked Hours,追跡されていない時間,
Untracked Hours (U),追跡されていない時間（u）,
Unused leaves,未使用の葉,
Upcoming Holidays Reminder,今後の休日のリマインダー,
Upcoming Shifts,今後のシフト,
Update,アップデート,
Update Job Applicant,求職者を更新します,
Update Progress,進捗状況を更新します,
Update Response,応答を更新します,
Update Salary Structures,給与構造を更新します,
Update Status,ステータスを更新します,
Updated status from {0} to {1} for date {2} in the attendance record {3},出席記録の日付{2}の{0}から{1}に{0}から{1}に更新された{3},
Updated the Job Applicant status to {0},求職者のステータスを{0}に更新しました,
Updated the status of Job Offer {0} for the linked Job Applicant {1} to {2},リンクされた求人申請者{1}の求人{0}のステータスを{2}に更新しました,
Updated the status of linked Job Applicant {0} to {1},リンクされた求職者{0}のステータスを{1}に更新しました,
Upload Attendance,出席をアップロードします,
Upload HTML,HTMLをアップロードします,
Upload images or documents,画像またはドキュメントをアップロードします,
Upper Range,上の範囲,
Used Leave(s),中古休暇,
Used Leaves,使用済みの葉,
User,ユーザー,
User Settings,ユーザー設定,
Users,ユーザー,
Utilization,利用,
Vacancies,欠員,
Vacancies cannot be lower than the current openings,空室は現在の開口部よりも低くすることはできません,
Vacancies fulfilled,空室が満たされました,
Validate Attendance,出席者を検証します,
Validating Employee Attendance...,従業員の出席の検証...,
Value / Description,値 /説明,
Value missing,欠落している値,
Variable,変数,
Variable Based On Taxable Salary,課税対象の給与に基づく変数,
Vegetarian,ベジタリアン,
Vehicle,車両,
Vehicle Expenses,車両費用,
Vehicle Log,車両ログ,
Vehicle Service,車両サービス,
Vehicle Service Item,車両サービスアイテム,
View,ビュー,
View Goals,目標を表示します,
View Ledger,元帳を表示します,
View List,リストを表示します,
View Website,ウェブサイトを見る,
Violet,バイオレット,
WARNING: Loan Management module has been separated from ERPNext.,警告：ローン管理モジュールはERPNextから分離されています。,
Walk In,入ってください,
Warning,警告,
Warning: Insufficient leave balance for Leave Type {0} in this allocation.,警告：この割り当てでは、休暇のバランスが不十分です{0}。,
Warning: Insufficient leave balance for Leave Type {0}.,警告：休暇のバランスが不十分である{0}。,
Warning: Leave application contains following block dates,警告：アプリケーションには、次のブロック日付が含まれています,
Warning: {0} already has an active Shift Assignment {1} for some/all of these dates.,警告：{0}これらの日付の一部/すべてに対して、すでにアクティブなシフト割り当て{1}があります。,
Website Listing,ウェブサイトのリスト,
Wednesday,水曜日,
Weekly,毎週,
Weightage (%),重量（％）,
"When set to 'Inactive', employees with conflicting active shifts will not be excluded.",「非アクティブ」に設定すると、競合する積極的なシフトを持つ従業員は除外されません。,
Whereas allocation for Compensatory Leaves is automatically created or updated on submission of Compensatory Leave Request.,一方、補償葉への割り当ては、補償休暇要求の提出時に自動的に作成または更新されます。,
Why is this Candidate Qualified for this Position?,なぜこの候補者はこのポジションに資格があるのですか？,
Withheld,差し控えた,
Work Anniversaries ,仕事の記念日,
Work Anniversary Reminder,ワークアニバーサリーリマインダー,
Work End Date,作業終了日,
Work Experience Calculation Method,実務経験の計算方法,
Work From Date,日付から作業,
Work From Home,自宅で働く,
Work References,作業参照,
Work Summary for {0},{0}の作業概要,
Worked On Holiday,休日に取り組みました,
Workflow State,ワークフロー状態,
Working Days,営業日,
Working Days and Hours,営業日と時間,
Working Hours,労働時間,
Working Hours Calculation Based On,に基づく労働時間の計算,
Working Hours Threshold for Absent,不在の労働時間のしきい値,
Working Hours Threshold for Half Day,半日の労働時間のしきい値,
Working hours below which Absent is marked. (Zero to disable),不在の勤務時間がマークされています。 （無効になるゼロ）,
Working hours below which Half Day is marked. (Zero to disable),半日以下の労働時間がマークされています。 （無効になるゼロ）,
Workshop,ワークショップ,
Workspace Settings,ワークスペース設定,
Year,年,
Year To Date,年初来,
Year To Date(Company Currency),年間（会社の通貨）,
Yearly,毎年,
Yellow,黄色,
Yes,はい,
"Yes, Proceed",はい、続行します,
You are not authorized to approve leaves on Block Dates,ブロックの日付に葉を承認することは許可されていません,
You are not present all day(s) between compensatory leave request days,あなたは補償休暇のリクエスト日の間に一日中存在していません,
"You can claim only an amount of {0}, the rest amount {1} should be in the application as pro-rata component",{0}の量のみを請求できます。残りの量{1}は、プロラタコンポーネントとしてアプリケーションにある必要があります,
You can not define multiple slabs if you have a slab with no lower and upper limits.,下限と上限のないスラブがある場合、複数のスラブを定義することはできません。,
You can not request for your Default Shift: {0},デフォルトのシフトをリクエストすることはできません：{0},
You can only plan for upto {0} vacancies and budget {1} for {2} as per staffing plan {3} for parent company {4}.,親会社{4}のスタッフプラン{3}に従って、{0}の空席と{2}の予算{1}のみを計画できます。,
You can only submit Leave Encashment for a valid encashment amount,あなたは有効な現金額のために休暇の現金を提出することができます,
"You can only upload JPG, PNG, PDF, TXT or Microsoft documents.",JPG、PNG、PDF、TXT、またはMicrosoftドキュメントのみをアップロードできます。,
You do not have permission to complete this action,このアクションを完了する許可はありません,
You have no upcoming shifts,今後のシフトはありません,
"You may add additional details, if any, and submit the offer.",追加の詳細を追加して、オファーを送信できます。,
You must be within {0} meters of your shift location to check in.,チェックインするには、シフトの場所から{0}メートル内にいる必要があります。,
You were only present for Half Day on {}. Cannot apply for a full day compensatory leave,あなたは{}で半日だけ出席しました。 1日の補償休暇を申請することはできません,
Your Interview session is rescheduled from {0} {1} - {2} to {3} {4} - {5},インタビューセッションは{0} {1}  -  {2}から{3} {4}  -  {5}から{1}  -  {2}から{2}から再スケジュールされます。,
active,アクティブ,
based on,に基づく,
changed the status from {0} to {1} via Attendance Request,出席要求でステータスを{0}から{1}に変更しました,
create/submit,作成/送信,
created,作成されました,
email,メール,
modify_half_day_status,modify_half_day_status,
or for the Employee's Department: {0},または従業員の部門の場合：{0},
process,プロセス,
processed,処理,
result,結果,
results,結果,
review,レビュー,
reviews,レビュー,
via Salary Component sync,給与コンポーネントの同期を介して,
{0} & {1},{0}＆{1},
{0} <br> This error can be due to missing or deleted field.,{0} <br>このエラーは、フィールドの欠落または削除によるものです。,
{0} Appraisal(s) are not submitted yet,{0} appraisalはまだ提出されていません,
{0} Field,{0}フィールド,
{0} Missing,{0}がありません,
{0} Row #{1}: Formula is set but {2} is disabled for the Salary Component {3}.,{0} row＃{1}：式は設定されていますが、{2}は給与コンポーネント{3}に対して無効です。,
{0} Row #{1}: {2} needs to be enabled for the formula to be considered.,{0} row＃{1}：{2}を検討するには、有効にする必要があります。,
{0} already allocated for Employee {1} for period {2} to {3},{0}既に{1}に{2}に{2}に{3}に割り当てられています,
{0} already exists for employee {1} and period {2},{0}は、従業員{1}および期間{2}にはすでに存在します,
{0} already has an active Shift Assignment {1} for some/all of these dates.,{0}これらの日付の一部/すべてに対して、アクティブなシフト割り当て{1}をすでに持っています。,
{0} applicable after {1} working days,{0} {1}営業日の後に適用されます,
{0} completed {1} year(s),{0}完了{1}年,
{0} has {1} enabled,{0}には{1}が有効になっています,
{0} is mandatory,{0}は必須です,
{0} is not a holiday.,{0}は休日ではありません。,
{0} is not allowed to submit Interview Feedback for the Interview: {1},{0}は、インタビューのインタビューのフィードバックを提出することを許可されていません：{1},
{0} is not in Optional Holiday List,{0}はオプションのホリデーリストにはありません,
{0} is not in a valid Payroll Period,{0}は有効な給与期間ではありません,
{0} is required,{0}が必要です,
{0} leaves allocated successfully,{0}残りは正常に割り当てられました,
{0} leaves from allocation for {1} leave type have expired and will be processed during the next scheduled job. It is recommended to expire them now before creating new leave policy assignments.,{0} {1} leave型の割り当てからの葉は失効し、次のスケジュールされたジョブ中に処理されます。新しい休暇ポリシーの割り当てを作成する前に、今すぐ期限切れにすることをお勧めします。,
{0} leaves were manually allocated by {1} on {2},{0}葉は{2}に{1}によって手動で割り当てられました,
{0} must be submitted,{0}は提出する必要があります,
{0} of {1} Completed,{0} of {1}が完了しました,
{0} to {1} employee(s)?,{0}から{1}従業員？,
{0} vacancies and {1} budget for {2} already planned for subsidiary companies of {3}. You can only plan for upto {4} vacancies and and budget {5} as per staffing plan {6} for parent company {3}.,{0}空席と{1}の{2}の予算は、{3}の子会社のために既に計画されています。親会社{3}の人材派遣プラン{6}に従って、{4}の空席と予算{5}までのみ計画を立てることができます。,
{0} will be updated for the following Salary Structures: {1}.,{0}は、次の給与構造に対して更新されます：{1}。,
{0} {1} {2}?,{0} {1} {2}？,
"{0}: Employee email not found, hence email not sent",{0}：従業員の電子メールが見つかりません。したがって、電子メールは送信されません,
{0}: From {0} of type {1},{0}：type {1}の{0}から,
{0}: {1},{0}：{1},
{0}d,{0} d,
~Pending Manager,~保留中のマネージャー,
