 Unlink Payment on Cancellation of Employee Advance,Çalışan Avansı İptalinde Ödemeyi Bağlantıdan Kaldır,
"""From Date"" can not be greater than or equal to ""To Date""","""Başlangıç Tarihi"", ""Bitiş Tarihi ""nden büyük veya eşit olamaz",
% Utilization (B + NB) / T,% Kullanım (B + NB) / T,
% Utilization (B / T),% Kullanım (B / T),
'employee_field_value' and 'timestamp' are required.,'employee_field_value' ve 'timestamp' gereklidir.,
) for {0},) {0} için,
...Fetching Employees,...Personelleri Getir,
<b>Base</b> amount has not been set for the following employee(s): {0},Aşağıdaki personeller için <b>baz</b> tutar belirlenmemiştir: {0},
<b>Example:</b> SAL-{first_name}-{date_of_birth.year} <br>This will generate a password like SAL-Jane-1972,"<b>Örnek:</b> SAL-{first_name}-{date_of_birth.year} <br>Bu, SAL-Jane-1972 gibi bir şifre üretir.",
<b>Total Leaves Allocated</b> are more than the number of days in the allocation period,"<b>Toplam Verilen İzinler</b>, izin dönemindeki gün sayısından fazladır",
"<h3>Help</h3>

<p>Notes:</p>

<ol>
<li>Use field <code>base</code> for using base salary of the Employee</li>
<li>Use Salary Component abbreviations in conditions and formulas. <code>BS = Basic Salary</code></li>
<li>Use field name for employee details in conditions and formulas. <code>Employment Type = employment_type</code><code>Branch = branch</code></li>
<li>Use field name from Salary Slip in conditions and formulas. <code>Payment Days = payment_days</code><code>Leave without pay = leave_without_pay</code></li>
<li>Direct Amount can also be entered based on Condition. See example 3</li></ol>

<h4>Examples</h4>
<ol>
<li>Calculating Basic Salary based on <code>base</code>
<pre><code>Condition: base &lt; 10000</code></pre>
<pre><code>Formula: base * .2</code></pre></li>
<li>Calculating HRA based on Basic Salary<code>BS</code> 
<pre><code>Condition: BS &gt; 2000</code></pre>
<pre><code>Formula: BS * .1</code></pre></li>
<li>Calculating TDS based on Employment Type<code>employment_type</code> 
<pre><code>Condition: employment_type==""Intern""</code></pre>
<pre><code>Amount: 1000</code></pre></li>
</ol>","<h3>Yardım</h3>

<p>Notlar:</p>

<ol>
<li>Personelin brüt maaşını kullanmak için <code>base</code> alanını kullanın</li>
<li>Koşullar ve formüllerde Maaş Bileşeni kısaltmalarını kullanın. <code>BS = Brüt Maaş</code></li>
<li>Personel detayları için koşullar ve formüllerde alan adını kullanın. <code>İstihdam Türü = employment_type</code><code>Şube = branch</code></li>
<li>Maaş Bordrosundaki alan adını koşullar ve formüllerde kullanın. <code>Ödeme Günleri = payment_days</code><code>Ücretsiz izin = leave_without_pay</code></li>
<li>Doğrudan Miktar da Koşula bağlı olarak girilebilir. Örnek 3'e bakın</li></ol>

<h4>Örnekler</h4>
<ol>
<li><code>base</code> üzerinden Brüt Maaş hesaplama
<pre><code>Koşul: base &lt; 10000</code></pre>
<pre><code>Formül: base * .2</code></pre></li>
<li>Brüt Maaşa dayalı HRA hesaplama<code>BS</code> 
<pre><code>Koşul: BS &gt; 2000</code></pre>
<pre><code>Formül: BS * .1</code></pre></li>
<li>İstihdam Türüne dayalı Gelir Vergisi Kesintisi hesaplama<code>employment_type</code> 
<pre><code>Koşul: employment_type==""Stajyer""</code></pre>
<pre><code>Miktar: 1000</code></pre></li>
</ol>",
"<h4>Condition Examples</h4>
<ol>
<li>Applying tax if employee born between 31-12-1937 and 01-01-1958 (Employees aged 60 to 80)<br>
<code>Condition: date_of_birth&gt;date(1937, 12, 31) and date_of_birth&lt;date(1958, 01, 01)</code></li><br><li>Applying tax by employee gender<br>
<code>Condition: gender==""Male""</code></li><br>
<li>Applying tax by Salary Component<br>
<code>Condition: base &gt; 10000</code></li></ol>","<h4>Koşul Örnekleri</h4>
<ol>
<li>31-12-1937 ile 01-01-1958 tarihleri arasında doğan personelden vergi alınması (60 ile 80 yaş arası personel)<br>
<code>Koşul: date_of_birth&gt;date(1937, 12, 31) ve date_of_birth&lt;date(1958, 01, 01)</code></li><br><li>Personelin cinsiyetine göre vergilendirme<br>
<code>Koşul: gender==""Erkek""</code></li><br>
<li>Maaş Bileşeni üzerinden vergilendirme<br>
<code>Koşul: base &gt; 10000</code></li></ol>",
<table class='table table-bordered'><tr><th>{0}</th><th>{1}</th></tr>,<table class='table table-bordered'><tr><th>{0}</th><th>{1}</th></tr>,
A Job Requisition for {0} requested by {1} already exists: {2},{1} tarafından talep edilen {0} için zaten bir İş Talebi mevcut: {2},
A friendly reminder of an important date for our team.,Ekibimiz için önemli bir tarihin hatırlatması.,
A {0} exists between {1} and {2} (,{1} ve {2} arasında bir {0} var (,
Abbr,Kısaltma,
About,Hakkında,
Absent,Gelmedi,
Absent Days,Devamsızlık Günleri,
Absent Records,Devamsızlık Kayıtları,
Academics User,Akademik Kullanıcı,
Accepted,Kabul Edildi,
Account,Hesap,
Account Head,Ana Hesap,
Account No,Hesap No,
"Account type cannot be set for payroll payable account {0}, please remove and try again","Bordro ödenecek {0} hesabı için hesap türü ayarlanamıyor, lütfen kaldırın ve tekrar deneyin",
Account {0} does not belong to company: {1},"{0} isimli Hesap, {1} şirketine ait değil.",
Account {0} does not match with Company {1},"{0} Hesabı, {1} Şirketi ile eşleşmiyor",
Accounting,Muhasebe,
Accounting & Payment,Hesap Bilgisi & Ödeme,
Accounting Details,Muhasebe Detayları,
Accounting Dimensions,Muhasebe Boyutları,
Accounting Ledger,Muhasebe Defteri,
Accounts,Muhasebe,
Accounts not set for Salary Component {0},Maaş Bileşeni için ayarlanmamış hesaplar {0},
Accrual Journal Entry for salaries from {0} to {1},{0} - {1} tarihleri arasında maaşlar için Günlük Tahakkuk  Girişi,
Action,İşlem,
Action on Submission,Teslim Üzerine Eylem,
Actions,İşlemler,
Active,Aktif,
Activities,Aktiviteler,
Activity Name,İşlem İsmi,
Actual Amount,Gerçek Tutar,
Actual Cost,Gerçek Maliyet,
Actual Encashable Days,Paraya Çevrilebilir Günler,
Actual balances aren't available because the leave application spans over different leave allocations. You can still apply for leaves which would be compensated during the next allocation.,"Gerçek bakiyeler mevcut değil çünkü izin başvurusu farklı izin atamalarını kapsıyor. Yine de, bir sonraki atamada telafi edilecek izinler için başvuruda bulunabilirsiniz.",
Add Day-wise Dates,Gün Bazında Tarih Ekle,
Add Employee Property,Personel Özelliği Ekle,
Add Feedback,Geri Bildirim Ekle,
Add to Details,Ayrıntılara Ekle,
Add unused leaves from previous allocations,Önceki ödeneklerden çalıştırman izinleri ekle,
Add unused leaves from previous leave period's allocation to this allocation,Önceki izin döneminin atamasından kullanılmayan izinleri bu atamaya ekle,
Added On,Eklenme Tarihi,
Added tax components from the Salary Component master as the salary structure didn't have any tax component.,"Maaş yapısında vergi bileşeni olmadığı için, Maaş Bileşeni ana kaydından vergi bileşenleri eklendi.",
Added to details,Ayrıntılara eklendi,
Additional Amount,ek miktar,
Additional Information ,Ekle Bilgi ,
Additional PF,Ek PF,
Additional Salary,Ek Ücret,
Additional Salary ,Ek Maaş,
Additional Salary for referral bonus can only be created against Employee Referral with status {0},Yönlendirme bonusu için Ek Maaş yalnızca {0} statüsündeki Personel Yönlendirmesine karşı oluşturulabilir,
Additional Salary for this salary component with {0} enabled already exists for this date,Bu maaş bileşeni için {0} etkinleştirilmiş Ek Maaş bu tarih için zaten mevcut,
Additional Salary: {0} already exist for Salary Component: {1} for period {2} and {3},Ek Maaş: {0} Maaş Bileşeni için zaten mevcut: {1} {2} dönem ve {3},
Address of Organizer,Organizatörün Adresi,
Advance,Gelişmiş,
Advance Account,Avans Hesabı,
Advance Amount,Peşinat Tutarı,
Advance Paid,Avans Ödemesi,
Advance Payment,Avans Ödemesi,
Advance Payments,Avans Ödemeleri,
Advanced Filters,Gelişmiş Filtreler,
Advances,Avanslar,
All,Tümü,
All Goals,Tüm Hedefler,
All Jobs,Tüm işler,
All allocated assets should be returned before submission,Tahsis edilen tüm varlıklar teslim edilmeden önce iade edilmelidir,
All the mandatory tasks for employee creation are not completed yet.,Personel oluşturma için zorunlu olan tüm görevler henüz tamamlanmadı.,
Allocate Based On Leave Policy,İzin Politikasına Göre Tahsis Et,
Allocate Leave,İzin Tahsisi,
Allocate Leaves,Verilen İzinler,
Allocate leaves to {0} employee(s)?,{0} personele izin tahsis edilsin mi?,
Allocate on Day,Güne Göre Tahsis Et,
Allocated Amount,Ayrılan Tutar,
Allocated Leaves,Ayrılmış İzinler,
Allocated {0} leave(s) via scheduler on {1} based on the 'Allocate on Day' option set to {2},"{0} izin, {1} tarihinde zamanlayıcı ile, ‘Gün Bazında Tahsis Et’ seçeneği {2} olarak ayarlandığı için tahsis edildi",
Allocating Leave,İzin Tahsisi,
Allocation,Tahsis,
Allocation Expired!,Tahsis Süresi Bitti!,
Allow Employee Checkin from Mobile App,Personelin Giriş/Çıkışı Mobil Uygulama ile Yapmasına İzin Ver,
Allow Encashment,Paraya çevirmeye İzin Ver,
Allow Geolocation Tracking,Coğrafi Konum İzlemeye İzin Ver,
Allow Leave Application After (Working Days),Personel İzin Talebine İzin Ver (İş Günü),
Allow Multiple Shift Assignments for Same Date,Aynı Tarih İçin Birden Fazla Vardiya Atamalarına İzin Ver,
Allow Negative Balance,Eksi Bakiyeye İzin Ver,
Allow Over Allocation,Fazla Tahsis Etmeye İzin Ver,
Allow Tax Exemption,Vergi Muafiyetine İzin Ver,
Allow User,Kullanıcıya izin ver,
Allow Users,Kullanıcılara izin ver,
Allow check-out after shift end time (in minutes),Vardiya bitiş zamanından sonra check-out yapılmasına izin ver (dakika olarak),
Allow the following users to approve Leave Applications for block days.,Blok günleri için aşağıdaki kullanıcıların izin uygulamalarını onaylamasına izin ver.,
Allows allocating more leaves than the number of days in the allocation period.,Tahsis edilen dönemdeki gün sayısından daha fazla izin tahsis edilmesine olanak sağlar.,
Alternating entries as IN and OUT during the same shift,Aynı vardiyada alternatif girişler ve girişler,
Amended From,Değiştirildi,
Amount,Tutar,
Amount Based on Formula,Formüle Dayalı Tutar,
Amount based on formula,Formüle Dayalı Tutar,
Amount claimed via Expense Claim,Gider Talebi yoluyla talep edilen tutar,
Amount of expense,Harcama tutarı,
Amount scheduled for deduction via salary,Maaş üzerinden kesinti yapılması planlanan tutar,
Amount should not be less than zero,Tutar sıfırdan az olmamalıdır,
Amount that has been paid against this advance,Bu avansa karşılık ödenen tutar,
"An amount of {0} already claimed for the component {1}, set the amount equal or greater than {2}","{1} bileşeni için zaten {0} tutarı talep edildi, tutarı {2} değerine eşit veya daha büyük olarak ayarlayın",
Annual Allocation,Yıllık Tahsis,
Annual Allocation Exceeded,Yıllık Tahsis Aşıldı,
Annual Salary,Yıllık Maaş,
Annual Taxable Amount,Yıllık Vergilendirilebilir Tutar,
Any other details,Diğer Ayrıntılar,
"Any other remarks, noteworthy effort that should go in the records","Kayıtlara geçmesi gereken başka herhangi bir açıklama, kayda değer çaba var mı?",
Applicable Earnings Component,Uygulanabilir Kazanç Bileşeni,
Applicable For,Uygulanabilir:,
Applicable in the case of Employee Onboarding,Çalışan Oryantasyonu durumunda geçerlidir,
Applicant Email Address,Başvuru Sahibinin E-posta Adresi,
Applicant Name,Başvuru İsmi,
Applicant Rating,Başvuru Puanı,
Applicant for a Job,İş Başvurusu,
Applicant name,Başvuranın ismi,
Application Status,Başvuru Durumu,
Application period cannot be across two allocation records,Başvuru süresi iki ödenek boyunca kaydırılamaz,
Application period cannot be outside leave allocation period,Uygulama süresi dışında izin tahsisi dönemi olamaz,
Applications Received,Alınan Başvurular,
Applications received:,Alınan başvurular:,
Applies to Company,Şirket için geçerli,
Apply,Uygula,
Apply / Approve Leaves,İzinler Onayla,
Apply Filters,Filtreleri Uygula,
Apply Now,Şimdi Başvur,
Appointment Date,Randevu Tarihi,
Appointment Letter,Randevu mektubu,
Appointment Letter Template,Randevu Mektubu Şablonu,
Appointment Letter content,Randevu Mektubu içeriği,
Appraisal,Değerlendirme,
Appraisal Cycle,Değerlendirme Döngüsü,
Appraisal Goal,Değerlendirme Hedefi,
Appraisal KRA,Performans Değerlendirme,
Appraisal Linking,Değerlendirme Bağlantısı,
Appraisal Overview,Değerlendirme Genel Bakışı,
Appraisal Template,Değerlendirme Şablonu,
Appraisal Template Goal,Değerlendirme Şablonu Hedefi,
Appraisal Template Missing,Değerlendirme Şablonu Eksik,
Appraisal Template Title,Değerlendirme Şablonu Başlığı,
Appraisal Template not found for some designations.,Bazı Görev Tanımları için Değerlendirme Şablonu bulunamadı.,
Appraisal creation is queued. It may take a few minutes.,Değerlendirme oluşturma sıraya alındı. Birkaç dakika sürebilir.,
Appraisal {0} already exists for Employee {1} for this Appraisal Cycle or overlapping period,Değerlendirme {0} bu Değerlendirme Döngüsü veya çakışan dönem için {1} Personeli için zaten mevcut,
Appraisal {0} does not belong to Employee {1},{0} Değerlendirmesi {1} Personeline ait değildir,
Appraisee,Değerlendirilen,
Appraisees: {0},Değerlendirilenler: {0},
Apprentice,Çırak,
Approval,Onay,
Approval Status,Onay Durumu,
Approval Status must be 'Approved' or 'Rejected',Onay Durumu 'Onaylandı' veya 'Reddedildi' olmalıdır,
Approve,Onayla,
Approved,Onaylandı,
Approver,Onaylayan,
Approvers,Onaylayanlar,
Apps,Uygulamalar,
Apr,Nisan,
Archive,Arşiv,
Archived,Arşivlendi,
Are you sure you want to delete the attachment,Bu dosyayı silmek istediğinizden emin misiniz,
Are you sure you want to email the selected salary slips?,Seçilen maaş bordrolarını e-posta ile göndermek istediğinizden emin misiniz?,
Are you sure you want to proceed?,Devam etmek istediğinizden emin misiniz?,
Are you sure you want to reject the Employee Referral?,Personel Refransını reddetmek istediğinizden emin misiniz?,
Arrival Datetime,Varış Tarihsaat,
As per your assigned Salary Structure you cannot apply for benefits,"Atanan Maaş Yapınıza göre, faydalar için başvuruda bulunamazsınız.",
Asset Name,Varlık Adı,
Asset Recovery Cost for {0}: {1},{0} için Varlık Kurtarma Maliyeti: {1},
Assets Allocated,Tahsis Edilen Varlıklar,
Assign Salary Structure to {0} employee(s)?,Maaş Yapısınının {0} personellere atanmasını onaylıyor musunuz?,
Assign Shift,Vardiya Ata,
Assign Shift Schedule,Vardiya Programını Ata,
Assign Structure,Atama Yapısı,
Assigning Salary Structure,Maaş Yapısı Atanıyor,
Assigning Structure...,Yapılar Atanıyor...,
Assigning Structures...,Yapılar atanıyor...,
Assigning...,Atanıyor...,
Assignment based on,Atamanın Temeli,
Associate Job Opening,İş İlanı İlişkilendir,
Associated Document,İlgili Belge,
Associated Document Type,İlgili Alan,
At least one interview has to be selected.,En az bir mülakat seçilmelidir.,
Attach Proof,Kanıt Ekle,
Attachments,Belge Ekleri,
Attendance,Devamlılık,
Attendance Date,Devamlılık Tarihi,
Attendance From Date,İlk Tarih,
Attendance From Date and Attendance To Date is mandatory,Devamlılık için Başlangıç ve Bitiş Tarihi zorunludur,
Attendance ID,Devamlılık ID,
Attendance Marked,Geldi Olarak Kaydedildi,
Attendance Request,Devamlılık Talebi,
Attendance Settings,Devamlılık Ayarları,
Attendance To Date,Son Tarih,
Attendance Updated,Devamlılık Güncellendi,
Attendance Warnings,Devamlılık Uyarıları,
Attendance date {0} can not be less than employee {1}'s joining date: {2},"Devamlılık tarihi {0}, {1} Personelin işe başlama tarihi olan {2} değerinden önce olamaz.",
Attendance for all the employees under this criteria has been marked already.,Bu kritere göre tüm personellerin devamlılığı zaten işaretlenmiştir.,
Attendance has been marked as per employee check-ins,Personel girişlerine göre devamlılık işaretlendi,
Attendance has been marked for all the employees between the selected payroll dates.,Seçilen maaş dönemi tarihleri arasında tüm personelin devamlılığı işaretlendi.,
Attendance marked successfully,Devamlılık Başarıyla Kaydedildi,
Attendance not submitted for {0} as it is a Holiday.,Bugün tatil olduğundan Personel {0} için devamlılık kaydedilemedi.,
Attendance not submitted for {0} as {1} is on leave.,Personel {0} için devamlılık kaydedilmedi çünkü {1} izinli.,
Attendance will be marked automatically only after this date.,"Devamlılık, yalnızca bu tarihten sonra otomatik olarak işaretlenecek.",
Attendees,Katılımcılar,
Attrition Count,Ayrılan,
Aug,Ağustos,
Auto Attendance Settings,Otomatik Devamlılık Ayarları,
Auto Leave Encashment,Otomatik İzin Ücreti Ödemesi,
"Automatically fetches all assets allocated to the employee, if any",Personele tahsis edilen tüm varlıklar varsa bunları otomatik olarak getirir,
Available Leave(s),Mevcut İzinler,
Available Leaves,Mevcut İzinler,
Average Feedback Score,Ortalama Geri Bildirim Puanı,
Average Rating,Ortalama Puan,
"Average of Goal Score, Feedback Score, and Self Appraisal Score (out of 5)","Hedef Puanı, Geri Bildirim Puanı ve Öz Değerlendirme Puanının Ortalaması (5 üzerinden)",
Average rating of demonstrated skills,Gösterilen becerilerin ortalama değerlendirmesi,
Avg Feedback Score,Ortalama Geri Bildirim Puanı,
Avg Utilization,Ortalama Kullanım,
Awaiting Response,Cevap Bekleniyor,
Bank,Banka,
Bank Account,Banka Hesabı,
Bank Account No,Banka Hesap Numarası,
Bank Details,Banka Detayları,
Bank Entries,Banka Girişleri,
Bank Name,Banka Adı,
Bank Remittance,Banka Havalesi,
Base,Temel,
Base & Variable,Taban & Değişken,
Begin On (Days),Başlama (Gün),
Begin check-in before shift start time (in minutes),Vardiya başlama zamanından önce check-ine başlama (dakika olarak),
Beginner,Başlangıç,
Below is the list of upcoming holidays for you:,Aşağıda sizin için yaklaşan tatillerin listesini bulabilirsiniz:,
Benefit,Yarar,
Benefits,Faydalar,
Bill Amount,Fatura Tutarı,
Billed Hours,Faturalandırılan Saatler,
Billed Hours (B),Faturalandırılan Saatler (B),
Bimonthly,İki Ayda Bir,
Birthday Reminder,Doğum Günü Hatırlatıcısı,
Birthday Reminder 🎂,Doğum Günü 🎂,
Birthdays,Doğum Günleri,
Block Date,Blok Tarihi,
Block Days,Engellenen Günler,
Block Holidays on important days.,Önemli günlerdeki tatilleri engelleyin.,
Blue,Mavi,
Body,Vücut,
Bonus,Bonus,
Bonus Amount,Bonus Tutarı,
Bonus Payment Date,Bonus Ödeme Tarihi,
Bonus Payment Date cannot be a past date,Bonus Ödeme Tarihi bir tarih olamaz,
Branch,Görev Bölümü,
Branch: {0},Bölüm: {0},
Bulk Assignments,Toplu Atamalar,
Bulk Leave Policy Assignment,Toplu İzin Politikası Ataması,
Bulk Salary Structure Assignment,Toplu Maaş Yapısı Ataması,
"By default, the Final Score is calculated as the average of Goal Score, Feedback Score, and Self Appraisal Score. Enable this to set a different formula","Varsayılan olarak, Son Puan Hedef Puanı, Geri Bildirim Puanı ve Öz Değerlendirme Puanının ortalaması olarak hesaplanır. Farklı bir formül ayarlamak için bunu etkinleştirin",
CTC,Brüt Maaş,
Calculate Final Score based on Formula,Nihai Puanı Formüle Göre Hesapla,
Calculate Payroll Working Days Based On,Bordro Çalışma Günlerini Şuna Göre Hesaplayın,
Calculated in days,Gün olarak hesaplandı,
Calls,Aramalar,
Campaign,Kampanya,
Cancel,İptal,
Cancellation Queued,İptal Sırada Bekliyor,
Cancelled,İptal Edildi,
Cannot break shift after end date,Bitiş tarihinden sonra vardiyaya ara verilemez,
Cannot break shift before start date,Vardiya başlangıç tarihinden önce bölünemez,
Cannot cancel Shift Assignment: {0} as it is linked to Attendance: {1},Vardiya Ataması: {0} Devamlılık: {1} ile bağlantılı olduğu için iptal edilemez,
Cannot cancel Shift Assignment: {0} as it is linked to Employee Checkin: {1},"Vardiya Ataması {0}, Personel Hareketi {1} ile bağlantılı olduğu için iptal edilemez",
Cannot create Salary Slip for Employee who has left before Payroll Period,Maaş Bordrosu Döneminden Önce Ayrılan Çalışan için Maaş Bordrosu Oluşturulamaz,
Cannot create a Job Applicant against a closed Job Opening,Kapalı bir İş İlanı için İş Başvurusu oluşturulamaz,
Cannot find active Leave Period,Etkin İzin Dönemi bulunamadı,
Carry Forwarded Leaves,Devreden İzinler,
Casual Leave,Mazeret İzni,
Cause of Grievance,Şikayet Nedeni,
Change,Değiştir,
Check <a href='/app/List/Error Log?reference_doctype={0}'>{1}</a> for more details,Daha fazla ayrıntı için <a href='/app/List/Error Log?reference_doctype={0}'>{1}</a> adresini kontrol edin,
Check Error Log {0} for more details.,Daha fazla ayrıntı için Hata Günlüğü {0} adresini kontrol edin.,
Check Vacancies On Job Offer Creation,İş Teklifi Oluşturmada Açık Pozisyonları Kontrol Et,
Check {0} for more details,Daha fazla ayrıntı için {0} adresini kontrol edin,
Check-in Date,Giriş Tarihi,
Check-out Date,tarihi kontrol et,
Claim Benefit For,Hak talebi,
Claim Date,Talep Tarihi,
Claimed,İddia Edilen,
Claimed Amount,Talep Edilen Tutar,
Claims,Talepler,
Clear All,Temizle,
Clearance Date,Tahsilat Tarihi,
Cleared,Temizlendi,
Click {0} to change the configuration and then resave salary slip,Yapılandırmayı değiştirmek ve ardından maaş bordrosunu yeniden kaydetmek için {0} öğesine tıklayın,
Close,Kapat,
Closed,Kapandı,
Closed On,Kapanış Tarihi,
Closes On,Kapanış Tarihi,
Closes on:,Kapanış Tarihi:,
Closing Balance,Kapanış Bakiyesi,
Closing Notes,Kapanış Notları,
Collapse All,Tümünü Daralt,
Color,Renk,
Comments,Yorumlar,
Commission,Komisyon,
Company,Şirket,
Company Details,Şirket Detayları,
Compensatory Leave Request,Telafi Bırakma Talebi,
Compensatory Off,Telafi İzni,
Completed,Tamamlandı,
Completed On,Tamamlanma Tarihi,
Completing onboarding,Tanıtım Tamamlanıyor,
Component,Bileşen,
Component properties and references ,Bileşen özellikleri ve referansları,
Condition,Koşul,
Condition & Formula,Formülasyon,
Condition and Formula Help,Koşul ve Formül Yardımı,
Condition and formula,Koşul ve Formüller,
Conditions,Koşullar,
Conditions and Formula variable and example,Koşullar ve Formül değişkeni ve örneği,
Conference,Konferans,
Connections,Bağlantılar,
Consider Tax Exemption Declaration,Vergi Muafiyet Beyanını Göz Önünde Bulundurun,
Consider Unmarked Attendance As,İşaretlenmemiş Devamlılığı Şu Şekilde Kabul Et,
Consolidate Leave Types,İzin Türlerini Birleştirin,
Contact Email,İletişim E-Posta,
Contact No.,İletişim No,
Contact Number,İletişim Numarası,
Continue,Devam Et,
Contract,Sözleşme,
Copy of Invitation/Announcement,Davetiye / Duyurunun kopyaları,
Cost,Maliyet,
Cost Center,Maliyet Merkezi,
Cost Centers,Maliyet Merkezleri,
Costing,Maliyet,
Costing Details,Maliyet Detayları,
Could not submit some Salary Slips: {},Bazı Maaş Bordroları gönderilemedi: {},
Could not update Goal,Hedef güncellenemedi,
Could not update goals,Hedefler güncellenemedi,
Country,Ülke,
Country Fixture Deletion Failed,Ülke Fikstürü Silme İşlemi Başarısız,
Country Setup failed,Ülke Kurulumu başarısız oldu,
Course,Kurs,
Cover Letter,Ön Yazı,
Create,Oluştur,
Create Additional Salary,Ek Maaş Oluştur,
Create Appraisals,Değerlendirmeler Oluşturun,
Create Employee,Personel Oluştur,
Create Interview,Mülakat Oluştur,
Create Job Applicant,İş Başvurusu Oluştur,
Create Job Opening,İş İlanı Oluştur,
Create Journal Entry,Muhasebe Kaydı Oluştur,
Create New Employee Id,Yeni Personel ID Oluştur,
Create Payment Entry,Ödeme Girişi Oluştur,
Create Salary Slip,Maaş Bordrosu Oluştur,
Create Salary Slips,Maaş Bordroları Oluştur,
Create Separate Payment Entry Against Benefit Claim,Fayda Talebine Karşı Ayrı Ödeme Girişi Yaratın,
Create Shifts After,Vardiyaları Şu Tarihten Sonra Oluştur,
Creating Appraisals,Değerlendirmeler Oluşturuluyor,
Creating Payment Entries......,Ödeme Girişleri Oluşturuluyor...,
Creating Salary Slips...,Maaş Fişleri Oluşturuluyor...,
Creating {0}...,{0} Oluşturuluyor...,
Creation Date,Oluşturma Tarihi,
Creation Failed,Oluşturulamadı,
Creation of Salary Structure Assignments has been queued. It may take a few minutes.,Maaş Yapısı Atamalarının oluşturulması sıraya alındı. Birkaç dakika sürebilir.,
Criteria,Kriter,
Criteria based on which employee should be rated in Performance Feedback and Self Appraisal,Personelin Performans Geri Bildirimi ve Öz Değerlendirme sırasında değerlendirilmesi gereken kriterler,
Currency,Para Birimi,
Currency ,Para Birimi,
Currency of selected Income Tax Slab should be {0} instead of {1},Seçilen Gelir Vergisi Diliminin para birimi {1} yerine {0} olmalıdır,
Current,Geçerli,
Current CTC,Mevcut (Şirkete Maliyeti),
Current Count,Mevcut Sayım,
Current Employer ,Mevcut İşveren ,
Current Job Title,Mevcut İş Ünvanı,
Current Odometer Value should be greater than Last Odometer Value {0},"Mevcut Kilometre Sayacı Değeri, Son Yolölçer Değerinden büyük olmalıdır {0}",
Current Odometer value ,Geçerli Kilometre Sayacı değeri,
Current Openings,Mevcut Açıklıklar,
Current Slab,Mevcut Durum,
Current Work Experience,Mevcut İş Deneyimi,
"Currently, there is no {0} leave period for this date to create/update leave allocation.",İzin tahsisi oluşturmak/güncellemek için bu tarih adına {0} izin dönemi bulunmamaktadır.,
Custom Range,Özel Aralık,
Customer,Müşteri,
Cyan,Açık Mavi,
Cycle Name,Döngü Adı,
Cycles,Döngüler,
Daily,Günlük,
Daily Work Summary,Günlük Çalışma Özeti,
Daily Work Summary Group,Günlük Çalışma Özet Grubu,
Daily Work Summary Group User,Günlük Çalışma Özet Grubu Kullanıcısı,
Daily Work Summary Replies,Günlük İş Özeti Cevapları,
Dashboard,Gösterge Paneli,
Date,Tarih,
Date ,Tarih ,
Date Range,Tarih aralığı,
Date is repeated,Tarih tekrarlanır,
Date of Birth,Doğum Tarihi,
Date of Joining,İşe Başlama Tarihi,
Dates & Reason,Tarih & Gerekçe,
Dates Based On,Tarihe Göre,
Days for which Holidays are blocked for this department.,Bu departman için Tatillerin bloke edildiği günler.,
Debit A/C Number,Borç A/C Numarası,
Dec,Aralık,
Decision Pending,Karar Bekleniyor,
Declarations,Beyannameler,
Declared Amount,Beyan Edilen Tutar,
Deduct Full Tax on Selected Payroll Date,Seçilen Bordro Tarihinde Tam Vergi Kesintisi,
Deduct Tax For Unclaimed Employee Benefits,Talep Edilmeyen Çalışanlara Sağlanan Faydalar İçin Vergi İndirimi,
Deduct Tax For Unsubmitted Tax Exemption Proof,Gönderilmeyen Vergi Muafiyeti Kanıtı için Vergi İndirimi,
Deduction,Kesinti,
Deduction from Salary,Maaştan Kesinti,
Deductions,Kesintiler,
Deductions before tax calculation,Vergi hesaplaması öncesi kesintiler,
Default Account,Varsayılan Hesap,
Default Amount,Varsayılan Tutar,
Default Bank / Cash account will be automatically updated in Salary Journal Entry when this mode is selected.,Bu mod seçildiğinde varsayılan Banka / Kasa hesabı otomatik Maaş Dergisi'ne girecektir.,
Default Base Pay,Varsayılan Baz Ücret,
Default Employee Advance Account,Varsayılan Personel Avans Hesabı,
Default Expense Claim Payable Account,Varsayılan Gider Alacak Hesabı,
Default Payroll Payable Account,Varsayılan Ödenecek Bordro Hesabı,
Default Salary Structure,Varsayılan Maaş Yapısı,
Default Shift,Varsayılan Vardiya,
Deferred Expense Account,Ertelenmiş Gider Hesabı,
Delete,Sil,
Delete Attachment,Eki Sil,
Delivery Trip,Teslimat Yolculuğu,
Department,Departman,
Department Approver,Bölüm Onaycısı,
Department {0} does not belong to company: {1},Departman {0} şu şirkete ait değil: {1},
Department: {0},Departman: {0},
Departure Datetime,Kalkış Datetime,
Depends On Payment Days,Ödeme Günlerine Göre Değişir,
Depends on Payment Days,Ödeme Günlerine Bağlı,
Description,Açıklama,
Description of a Job Opening,İş İlanının Açıklaması,
Designation,Görev Tanımı,
Designation Skill,Atama Becerisi,
Designation: {0},Görev Tanımı: {0},
Details,Ayrıntılar,
"Details of Sponsor (Name, Location)","Sponsorun Detayları (İsim, Yer)",
Determine Check-in and Check-out,Giriş ve Çıkış Belirleme,
Disable,Kapat,
Disable Rounded Total,Yuvarlatılmış Toplamı Kapat,
"Disable {0} for the {1} component, to prevent the amount from being deducted twice, as its formula already uses a payment-days-based component.","Tutarın iki kez düşülmesini önlemek için {1} bileşeni için {0} öğesini devre dışı bırakın, çünkü formülü zaten ödeme günü tabanlı bir bileşen kullanıyor.",
Disable {0} or {1} to proceed.,Devam etmek için {0} veya {1} öğesini devre dışı bırakın.,
Disabled,Kapalı,
Dispensed Amount (Pro-rated),Dağıtım Miktarı (Pro dereceli),
Do Not Include in Total,Toplama Dahil Etme,
Do not include in total,Toplama Dahil Etme,
Do you still want to proceed?,Hala devam etmek istiyor musunuz?,
Do you want to update the Job Applicant {0} as {1} based on this interview result?,Bu mülakat sonucuna göre İş Başvuru Sahibinin {0} değerini {1} olarak güncellemek istiyor musunuz?,
Document Status,Belge Durumu,
Domestic,Domestic (Yerli),
Download PDF,PDF İndir,
Download Template,Şablonu İndir,
Draft,Taslak,
Duplicate Entry,Yinelenen Giriş,
Duration (Days),Süre (Gün),
ERROR({0}): {1},HATA ({0}): {1},
Early Exit,Erken Çıkış,
Early Exit Grace Period,Erken Grace Çıkış Dönemi,
Early Exits,Erken Çıkışlar,
Earned Leave,Kazanılan İzin,
Earned Leave Frequency,Kazanılan İzin Sıklığı,
Earned Leaves,Kazanılan İzinler,
Earned Leaves are allocated as per the configured frequency via scheduler.,"Kazanılan İzinler, zamanlayıcı aracılığıyla yapılandırılan sıklığa göre tahsis edilir.",
Earned Leaves are auto-allocated via scheduler based on the annual allocation set in the Leave Policy: {0},"Kazanılan İzinler, İzin Politikasında belirlenen yıllık tahsise göre zamanlayıcı aracılığıyla otomatik olarak tahsis edilir: {0}",
Earned Leaves are leaves earned by an Employee after working with the company for a certain amount of time. Enabling this will allocate leaves on pro-rata basis by automatically updating Leave Allocation for leaves of this type at intervals set by 'Earned Leave Frequency.,"Kazanılmış İzinler, bir Personelin şirkette belirli bir süre çalıştıktan sonra kazandığı izinlerdir. Bunun etkinleştirilmesi, bu tür izinler için İzin Tahsisini 'Kazanılan İzin Sıklığı' tarafından belirlenen aralıklarla otomatik olarak güncelleyerek izinleri orantılı olarak tahsis edecektir.",
Earning,Kazanma,
Earning Component,Kazanç Bileşenleri,
Earnings,Kazançlar,
Earnings & Deductions,Kazançlar & Kesintiler,
Edit,Düzenle,
Effective From,Başlangıç Tarihi,
Effective To,Geçerlilik Tarihi,
Effective from,İtibaren geçerli,
Email,E-posta,
Email Address,E-posta Address,
Email ID,E-Posta ID,
Email Salary Slip to Employee,Çalışan e-posta Maaş Kayma,
Email Salary Slips,E-posta Maaş Bordroları,
Email Sent To,E-posta Gönderildi,
Email Template,E-Posta Şablonu,
Email sent to {0},E-posta {0} adresine gönderildi,
Emails salary slip to employee based on preferred email selected in Employee,Çalışan tarafından tercih edilen e-posta tabanlı çalışana e-postalar maaş kayması,
Employee,Personel,
Employee A/C Number,Personel A/C Numarası,
Employee Advance,Personel Avansı,
Employee Advance Balance,Personel Avans Bakiyesi,
Employee Advance Summary,Personel Avans Özeti,
Employee Advances,Personel Avansları,
Employee Attendance Tool,Personel Devam Takip Aracı,
Employee Benefit Application,Personel Yan Hakları Başvurusu,
Employee Benefit Application Detail,çalışanlara Sağlanan Fayda Uygulama Detayı,
Employee Benefit Claim,Fayda Talebi,
Employee Benefits,Personele sağlanan faydalar,
Employee Boarding Activity,Çalışan Yatılı Etkinliği,
Employee Checkin,Personel Hareketi,
Employee Cost Center,Personel Maliyet Merkezi,
Employee Details,Personel Detayları,
Employee Emails,Çalışan E-postaları,
Employee Exit Settings,Personel Çıkış Ayarları,
Employee Exits,Personel Çıkışları,
Employee Feedback Criteria,Personel Geri Bildirim Kriteri,
Employee Feedback Rating,Personel Geri Bildirimi Değerlendirmesi,
Employee Grade,Personel Ünvanı,
Employee Grievance,Personel Şikayeti,
Employee Health Insurance,Çalışan Sağlık Sigortası,
Employee Image,Personel Resmi,
Employee Incentive,Personel Teşviği,
Employee Info,Personel Bilgisi,
Employee Name,Personel Adı,
Employee Naming By,Personel İsimlendirmesi,
Employee Number,Personel ID,
Employee Onboarding,Personel Modül Tanıtımı,
Employee Onboarding Template,Personel Modül Tanıtımı Şablonu,
Employee Other Income,Çalışan Diğer Gelir,
Employee Performance Feedback,Personel Performans Geri Bildirimi,
Employee Promotion,Personel Terfisi,
Employee Promotion Details,Personel Terfisi,
Employee Property History,Çalışan Mülkiyet Tarihi,
Employee Referral,Personel başvurusu,
Employee Referral {0} is not applicable for referral bonus.,Personel Referansı {0} referans bonusu için geçerli değildir.,
Employee Referrals,Personel Referansı,
Employee Responsible ,Personel Sorumluluğu,
Employee Retained,Personel Detayları,
Employee Separation,Personel Ayrılığı,
Employee Separation Template,Çalışan Ayırma Şablonu,
Employee Settings,Personel Ayarları,
Employee Skill,Personel Yetkinliği,
Employee Skill Map,Personel Yetkinlik Matrisi,
Employee Skills,Personel Yetkinlikleri,
Employee Status,Personel Durumu,
Employee Tax Exemption Category,Çalışan Vergisi İstisnası Kategorisi,
Employee Tax Exemption Declaration,Çalışan Vergisi İstisnası Beyanı,
Employee Tax Exemption Declaration Category,Çalışan Vergisi İstisna Beyannamesi Kategorisi,
Employee Tax Exemption Proof Submission,Çalışan Vergi Muafiyeti Proof Sunumu,
Employee Tax Exemption Proof Submission Detail,Çalışan Vergi Muafiyeti Prova Gönderme Detayı,
Employee Tax Exemption Sub Category,Çalışan Vergi Muafiyeti Alt Kategorisi,
Employee Training,çalışan eğitim,
Employee Transfer,Personel Transferi,
Employee Transfer Detail,Transfer Detayları,
Employee Transfer Details,Personel Transfer Detayları,
Employee name,Personel Adı,
Employee records are created using the selected option,Personel kayıtları seçilen ayara göre oluşturulacaktır,
Employee {0} already has an active Shift {1}: {2} that overlaps within this period.,"Personel {0}, bu dönem içinde çakışan aktif bir Vardiyaya ({1}: {2}) zaten sahip",
Employee {0} has already applied for Shift {1}: {2} that overlaps within this period,"Personel {0} , bu dönem içinde çakışan {1}: {2} vardiyası için zaten başvuruda bulunmuştur",
Employee {0} has no maximum benefit amount,{0} çalışanının maksimum fayda miktarı yok,
Employee {0} is not active or does not exist,Personel {0} aktif değil veya yok,
Employee {0} is on Leave on {1},"Personel {0}, {1} tarihinde izinli",
Employee {0} not found in Training Event Participants.,{0} isimli Personel Eğitim Katılımcılarında bulunamadı.,
Employee {0} on Half day on {1},"Personel {0}, {1} tarihinde yarım gün çalışacak",
Employees,Personeller,
Employees HTML,Personeller HTML,
Employees without Goals: {0},Hedefi Bulunmayan Personeller: {0},
Employees working on a holiday,Tatilde Çalışan Personeller,
Employment Type,Çalışma Türü,
Enable Auto Attendance,Otomatik Devamlılığı Etkinleştir,
Enabled,Etkin,
Encashment,Paraya çevir,
Encashment Amount,Muhafaza Tutarı,
Encashment Date,Çıkış Ödemesi Tarihi,
Encrypt Salary Slips in Emails,E-postalardaki Maaş Notlarını Şifrele,
End,Bitir,
End Date,Bitiş Tarihi,
End Date cannot be before Start Date,"Bitiş Tarihi, Başlangıç Tarihi'nden önce olamaz",
End Time,Bitiş Zamanı,
End date: {0},Bitiş tarihi: {0},
End time cannot be before start time,Bitiş saati başlangıç saatinden önce olamaz,
Enter the Standard Working Hours for a normal work day. These hours will be used in calculations of reports such as Employee Hours Utilization and Project Profitability analysis.,Normal bir iş günü için Standart Çalışma Saatlerini girin. Bu saatler Çalışan Saat Kullanımı ve Proje Karlılığı analizi gibi raporların hesaplanmasında kullanılacaktır.,
Enter the number of leaves you want to allocate for the period.,Dönem için tahsis etmek istediğiniz izin sayısını girin.,
Error,Hata,
Error Log,Hata Günlüğü,
Error Message,Hata Mesajı,
Error in formula or condition,Formülde veya koşulda hata var,
Error in formula or condition: {0} in Income Tax Slab,Formül veya koşulda hata: Gelir Vergisi Diliminde {0},
Error in some rows,Bazı satırlarda hata var,
Error while evaluating the {doctype} {doclink} at row {row_id}. <br><br> <b>Error:</b> {error} <br><br> <b>Hint:</b> {description},{row_id}satırında {doctype} {doclink} değerlendirilirken hata oluştu. <br><br> <b>Hata:</b> {error} <br><br> <b>İpucu:</b> {description},
Estimated Cost Per Position,Pozisyon Başına Tahmini Maliyet,
Evaluation,Değerlendirme,
Evaluation Date,Değerlendirme Tarihi,
Evaluation Method cannot be changed as there are existing appraisals created for this cycle,Değerlendirme Yöntemi değiştirilemez çünkü bu döngü için oluşturulmuş mevcut değerlendirmeler vardır,
Event Details,Etkinlik Detayları,
Event Link,Etkinlik Bağlantısı,
Event Location,Etkinlik Yeri,
Event Name,Etkinlik Adı,
Event Status,Etkinlik Durumu,
Every 2 Weeks,Her 2 Haftada Bir,
Every 3 Weeks,Her 3 Haftada Bir,
Every 4 Weeks,Her 4 Haftada Bir,
Every Valid Check-in and Check-out,Her yürütme Giriş ve Çıkış,
Every Week,Her Hafta,
"Everyone, let’s congratulate them on their work anniversary!",Çalışma arkadaşımızı tebrik edebilirsiniz.,
"Everyone, let’s congratulate {0} on their birthday.",Çalışma arkadaşlarınız {0} isimli personelin doğum gününü kutlamasını hatırlatabilirsiniz.,
Exam,Sınav,
Exchange Rate,Döviz Kuru,
Exchange Rate cannot be zero.,Döviz Kuru sıfır olamaz.,
Exclude Holidays,Tatilleri Hariç Tut,
Exempted from Income Tax,Gelir Vergisinden Muaf,
Exemption Category,Muafiyet Kategorisi,
Exemption Sub Category,Muafiyet Alt Kategorisi,
Existing Record,Mevcut Kayıt,
Exit Confirmed,Çıkış Onayı,
Exit Details,Çıkış Detayları,
Exit Interview,Çıkış Görüşmesi,
Exit Interview Pending,Çıkış Görüşmesi Bekleniyor,
Exit Interview Summary,Ayrılma Görüşmesi Özeti,
Exit Interview {0} already exists for Employee: {1},Çıkış Görüşmesi {0} zaten Personel için mevcut: {1},
Exit Questionnaire,Çıkış Soruları,
Exit Questionnaire Notification,Çıkış Görüşmesi Bildirimi,
Exit Questionnaire Notification Template,Çıkış Mülakatı Bildirim Şablonu,
Exit Questionnaire Pending,Çıkış Mülakatı Bekleniyor,
Exit Questionnaire Web Form,Çıkış Mülakatı Web Formu,
Expand All,Tümünü Genişlet,
Expected Average Rating,Beklenen Ortalama Derecelendirme,
Expected By,Beklenen Zaman,
Expected Compensation,Tahmini Maaş,
Expected Skill Set,Gerekli Beceriler,
Expected Skillset,Gerekli Beceriler,
Expense,Gider,
Expense Account,Gider Hesabı,
Expense Approver,Harcama Onaylayıcısı,
Expense Approver Mandatory In Expense Claim,Harcama Talebinde Onaylayıcı Zorunlu Olsun,
Expense Claim,Harcama Talebi,
Expense Claim Account,Gider Talep Hesabı,
Expense Claim Advance,Gider Talep İlerlemesi,
Expense Claim Detail,Gideri Talebi Detayı,
Expense Claim Type,Gideri Talebi Türü,
Expense Claim for Vehicle Log {0},Araç girişi için Gider Talebi {0},
Expense Claim {0} already exists for the Vehicle Log,Gider Talebi {0} zaten Araç girişi için var,
Expense Claims,Harcama Talepleri,
Expense Date,Harcama Tarihi,
Expense Proof,Gidermek,
Expense Taxes and Charges,Gider Vergileri ve Masrafları,
Expense Type,Gider Türü,
Expenses,Harcamalar,
Expenses & Advances,Harcamalar & Avanslar,
Expire Allocation,Tahsisin Sona Ermesi,
Expire Carry Forwarded Leaves (Days),Devredilen İzinlerin Sona Ermesi (Gün),
Expired,Süresi Doldu,
Expired Leave(s),Süresi Dolan İzinler,
Expired Leaves,Son kullanma tarihi geçmiş izinler,
Explanation,Açıklamalar,
Export,Dışarı Aktar,
Exporting...,Dışa Aktarılıyor...,
Failed,Başarısız,
Failed to create/submit {0} for employees:,Personeller için {0} oluşturulamadı/gönderilemedi:,
Failed to delete defaults for country {0}.,{0} ülkesinin varsayılanları silinemedi.,
Failed to download Salary Slip PDF,Maaş Bordrosu PDF olarak indirilemedi,
Failed to send the Interview Reschedule notification. Please configure your email account.,Mülakat Yeniden Planlama bildirimi gönderilemedi. Lütfen e-posta hesabınızı yapılandırın.,
Failed to setup defaults for country {0}.,Ülke için varsayılanlar ayarlanamadı {0}.,
Failed to submit some leave policy assignments:,Bazı izin politikası atamaları gönderilemedi:,
Failed to update the Job Applicant status,İş Başvurusu Durumu güncellenemedi,
Failed to {0} {1} for employees:,Personeller için {0} {1} başarısız oldu:,
Failure,Başarısız,
Failure Details,Arıza Detayları,
Feb,Şubat,
Feedback,Geri Bildirim,
Feedback Count,Geri Bildirim Sayısı,
Feedback HTML,Geri bildirim HTML,
Feedback Ratings,Geri Bildirim Puanı,
Feedback Reminder Notification Template,Geri Bildirim Hatırlatma Bildirim Şablonu,
Feedback Score,Geri Bildirim Puanı,
Feedback Submitted,Geri Bildirim Alındı,
Feedback Summary,Geri Bildirim Özeti,
Feedback already submitted for the Interview {0}. Please cancel the previous Interview Feedback {1} to continue.,Mülakat için geri bildirim gönderildi {0}. Devam etmek için lütfen önceki Mülakat Geri Bildirimini {1} iptal edin.,
Feedback {0} added successfully,Geri bildirim {0} başarıyla eklendi,
Fetch Geolocation,Coğrafi Konumu Getir,
Fetch Shift,Vardiyayı Getir,
Fetch Shifts,Vardiyaları Getir,
Fetching Employees,Personelleri Getir,
Fetching Shift,Vardiya Getiriliyor,
Fetching your geolocation,Coğrafi konumunuz getiriliyor,
Field Name,Alan Adı,
File Preview,Dosya Önizlemesi,
Fill the form and save it,Form doldurucu ve denetleyicileri,
Filled,Dolduruldu,
Filter Based On,Şuna Göre Filtrele,
Filter Employees,Personeli Filtrele,
Filter List,Filtre Listesi,
Filters,Filtreler,
Final Decision,Son Karar,
Final Score,Final Puanı,
Final Score Formula,Nihai Puan Formülü,
First Check-in and Last Check-out,İlk Check-in ve Oğul Check-out,
First Day,İlk Gün,
First Name ,Adı ,
Fiscal Year,Mali Yıl,
Fiscal Year {0} not found,Mali Yıl {0} bulunamadı,
Fleet Manager,Filo Yöneticisi,
Flexible Benefits,Esnek Faydalar,
Flight,uçuş,
Follow via Email,E-Posta ile Takip Et,
Food,Yiyecek Grupları,
For Designation ,Görev Tanımı,
For Employee,Personel,
Formula,Formül,
Fortnightly,Onbeş Günde Bir,
Fraction of Daily Salary for Half Day,Yarım Gün Günlük Maaş Kesri,
Fractional Cost,Kesirli Maliyet,
Frappe HR,Frappe HR,
Frappe Support,Frappe Desteği,
Frequency,Sıklık,
Friday,Cuma,
From,Gönderen,
From Amount,Miktardan,
From Date,Başlangıç Tarihi,
From Date cannot be greater than To Date,Başlangıç Tarihi Bitiş Tarihinden büyük olamaz,
From Date must come before To Date,Başlangıç Tarihi Bitiş Tarihinden önce olmalıdır,
From Date {0} cannot be after employee's relieving Date {1},{0} personelden çalışanın masrafından sonra tarih olamaz {1},
From Date {0} cannot be before employee's joining Date {1},{0} personelinin çalışanlardan {1} yayınlanmasından önce olamaz.,
From Employee,Talep Eden Personel,
From Time,Başlangıç Zamanı,
From User,Kullanıcıdan,
From date can not be less than employee's joining date,"Başlangıç elde etmek, çalışanın birleştirme yöntemleri daha az olamaz",
From date can not be less than employee's joining date.,İşçinin işe giriş yükünün önceki tarihi olamaz.,
"From here, you can enable encashment for the balance leaves.",Buradan izinlerin paraya çevrilmesini aktif hale getirebilirsiniz.,
Fuchsia,Fuşya,
Fuel Expense,Yakıt Gideri,
Fuel Expenses,Yakıt Giderleri,
Fuel Price,Yakıt Fiyatı,
Fuel Qty,Yakıt Adet,
Full Name,Tam Adı,
Full and Final Statement,Tam ve Nihai Açıklama,
Full-time,tam mesai,
Fully Sponsored,tamamen Sponsorlu,
Funded Amount,Fonlanan Tutar,
Future dates not allowed,Gelecek tarihlere izin verilmiyor,
Gender,Cinsiyeti,
Geolocation,Coğrafi Konum,
Geolocation Error,Coğrafi Konum Hatası,
Geolocation is not supported by your current browser,"Coğrafi konum, mevcut tarayıcınız tarafından desteklenmiyor",
Get Details From Declaration,Açıklamadan Detaylar Alın,
Get Employees,Çalışanları Al,
Get Job Requisitions,İş Talep Formlarını Getir,
Get Template,Şablonu Getir,
Gluten Free,glütensiz,
Goal,Hedef,
Goal Completion (%),Hedef Tamamlama (%),
Goal Score,Hedef Puanı,
Goal Score (%),Hedef Puanı (%),
Goal Score (weighted),Hedef Puanı (Ağırlıklı),
Goal progress percentage cannot be more than 100.,Hedef ilerleme yüzdesi 100'den fazla olamaz.,
Goal updated successfully,Hedef başarıyla güncellendi,
Goals,Hedefler,
Goals updated successfully,Hedefler başarıyla güncellendi,
Grade,Ünvan,
Grand Total,Genel Toplam,
Green,Yeşil,
Grievance Details,Şikayet Ayrıntıları,
Grievance Type,Şikayet Türü,
Gross Pay,Brüt Ödeme,
Gross Pay (Company Currency),Brüt Ücret (Şirket Para Birimi),
Gross Year To Date(Company Currency),Yılbaşından Bugüne Brüt (Şirket Para Birimi),
Group,Grup,
Group By,Grup,
HR,İnsan Kaynakları,
HR & Payroll,Bordro,
HR & Payroll Settings,İnsan Kaynakları & Bordro Ayarları,
HR Manager,İnsan Kaynakları Müdürü,
HR Settings,İnsan Kaynakları Ayarları,
HR User,İnsan Kaynakları Kullanıcısı,
HRMS,İKYS,
Half Day,Yarım Gün,
Half Day Date,Yarım Gün Tarih,
Half Day Date is mandatory,Yarım Gün Tarih cezaları,
Half Day Date should be between From Date and To Date,Yarım Gün Tarih Tarihinden ve Tarihi arasında olmalıdır,
Half Day Date should be in between Work From Date and Work End Date,"Yarım Gün Tarih, İş Başlangıç Tarihi ile İş Bitiş Tarihi arasında olmalıdır.",
Half Day Records,Yarım Gün Kayıtları,
Half Yearly,Yarım Yıllık,
Half day date should be in between from date and to date,"Yarım günlük tarih, başlangıç ile bitiş tarihi arasında olmalıdır",
Half-Yearly,6 Aylık,
Has Certificate,Sertifikası Var,
Health Insurance,Sağlık Sigortası,
Health Insurance Name,Sağlık Sigortası İsmi,
Health Insurance No,Sağlık Sigortası No,
Health Insurance Provider,Sağlık Sigortası Sağlayıcısı,
Hello,Merhaba,
Help,Yardım,
Hey {}! This email is to remind you about the upcoming holidays.,Merhaba {}! Bu e-posta size yaklaşan tatilleri hatırlatmak içindir gönderilmiştir.,
Hiring Count,Başlayan,
Hiring Settings,İşe Alma Ayarları,
Hold,Beklemede,
Holiday,Tatil,
Holiday List,Tatil Listesi,
Holiday List for Optional Leave,İsteğe Bağlı İzin İçin Tatil Listesi,
Holidays,Tatiller,
Holidays this Month.,Bu Ayın Tatilleri.,
Holidays this Week.,Bu Haftanın Tatilleri.,
Home,Ana Sayfa,
Hour Rate,Saatlik Ücret,
Hour Rate (Company Currency),Saatlik Ücreti,
Hours,Saat,
House rent paid days overlapping with {0},Konut kirası {0} ile örtüşen günler ödedi,
House rented dates required for exemption calculation,Muafiyet hesaplaması için gerekli ev kiralama masrafları,
House rented dates should be atleast 15 days apart,Kiralanan kiralık evlerin en az 15 gün ara olması gerekmektedir.,
IFSC,IFSC,
IFSC Code,IFSC Kodu,
IN,GİRİŞ,
Identification Document Number,Kimlik Belgesi Numarası,
Identification Document Type,Kimlik Belgesi Türü,
"If checked, hides and disables Rounded Total field in Salary Slips","İşaretlenirse, Maaş Fişlerindeki Yuvarlatılmış Toplam oda gizler ve devre dışı bırakır",
"If checked, the full amount will be deducted from taxable income before calculating income tax without any declaration or proof submission.","İşaretliyse, tutarın tamamı, herhangi bir beyan veya kanıt sunmaktan gelir vergisi hesabından önce vergiye tabi gelirden düşülecektir.",
"If enabled, Tax Exemption Declaration will be considered for income tax calculation.","Etkinleştirilirse, Vergi Muafiyeti Beyanı, gelir vergisi hesaplaması için dikkate alınması.",
"If enabled, deducts payment days for absent attendance on holidays. By default, holidays are considered as paid","Etkinleştirilirse, tatil günlerinde devamsızlık için ödeme günlerini düşer. Varsayılan olarak, tatiller ücretli olarak kabul edilir",
"If enabled, the component will be considered in the Income Tax Deductions report",Bu bileşen Gelir Vergisi Kesintileri raporunda dikkate alınacaktır,
"If enabled, the value specified or calculated in this component will not contribute to the earnings or deductions. However, it's value can be referenced by other components that can be added or deducted. ","Etkinleştirilirse, bu bileşende belirtilen veya hesaplanan değer kazançlara veya kesintilere katkıda bulunmayacaktır. Ancak, değeri eklenebilen veya düşülebilen diğer bileşenler tarafından referans alınabilir. ",
"If not checked, the list will have to be added to each Department where it has to be applied.","İşaretliyse, listelenmesi gereken her Departmana eklenmelidir",
"If selected, the value specified or calculated in this component will not contribute to the earnings or deductions. However, it's value can be referenced by other components that can be added or deducted. ","Seçilirse, bu bilgiler içinde belirtilen veya hesaplanan değer kazancı veya kesintilere katılmaz. Bununla birlikte, bu değer, eklenebilecek veya düşülebilecek diğer verim tarafından referans alınır.",
"If set, the job opening will be closed automatically after this date",İş ilanı bu tarihten sonra otomatik olarak kapatılacaktır,
Import Attendance,Devamlılıkları İçeri Aktar,
Import Log,Günlüğü İçe Aktar,
Import Successful,İçeri Aktarma Başarılı,
Importing {0} of {1},{0} / {1} İçe Aktarılıyor,
In Process,İşlemde,
In Progress,İşlemde,
In Time,Zamanında,
"In case of any error during this background process, the system will add a comment about the error on this Payroll Entry and revert to the Submitted status","Bu arka plan işlemi sırasında herhangi bir hata olması durumunda, sistem bu Bordro Girişine hata hakkında bir yorum ekleyecek ve Gönderildi durumuna geri dönecektir.",
Inactive,Pasif,
Incentive,Teşvik,
Incentive Amount,Teşvik Tutarı,
Incentives,Teşfikler,
Include Holidays,Tatilleri Dahil Et,
Include holidays in Total no. of Working Days,Çalışma günlerinin toplam sayısı ile tatilleri dahil edin,
Include holidays within leaves as leaves,Tatilleri izinlere izin olarak dahil et,
Income Source,Gelir Kaynağı,
Income Tax Amount,Gelir Vergisi Tutarı,
Income Tax Component,Gelir Vergisi Bileşenleri,
Income Tax Computation,Gelir Vergisi Hesaplaması,
Income Tax Deductions,Gelir Vergisi Kesintileri,
Income Tax Slab,Gelir Vergisi Levhası,
Income Tax Slab Other Charges,Gelir Vergisi Levhası Diğer Masraflar,
Income Tax Slab must be effective on or before Payroll Period Start Date: {0},"Gelir Vergisi Levhası, Bordro Dönemi Başlangıç Tarihi: {0}",
Income Tax Slab not set in Salary Structure Assignment: {0},"Gelir Vergisi Levhası, Maaş Yapısı Atamasında belirlenmemiş: {0}",
Income Tax Slab: {0} is disabled,Gelir Vergisi Levhası: {0} devre dışı bırakıldı,
Income from Other Sources,Diğer Kaynaklardan Elde Edilen Gelir,
Inspection,Muayene,
Interest,İlgi Alanı,
Interest Amount,Faiz Tutarı,
Interest Income Account,Faiz Geliri Hesabı,
Intermediate,Orta,
Intern,Stajyer,
International,Uluslararası,
Internet,Online Eğitim,
Interview,Görüşme,
Interview Detail,Mülakat Detayı,
Interview Details,Mülakat Detayları,
Interview Feedback,Görüşme Geri Bildirimi,
Interview Feedback Reminder,Mülakat Geri Bildirim Hatırlatıcısı,
Interview Feedback {0} submitted successfully,Mülakat Geri Bildirimi {0} başarıyla gönderildi,
Interview Not Rescheduled,Görüşme Yeniden Planlanmadı,
Interview Reminder,Mülakat Hatırlatıcı,
Interview Reminder Notification Template,Mülakat Hatırlatma Bildirim Şablonu,
Interview Rescheduled successfully,Mülakat Başarıyla Yeniden Planlandı,
Interview Round,Karar Görüşmesi,
Interview Round {0} is only applicable for the Designation {1},Mülakat Turu {0} yalnızca {1} Pozisyonu için geçerlidir,
Interview Round {0} is only for Designation {1}. Job Applicant has applied for the role {2},"Mülakat Turu {0} yalnızca {1} Pozisyonu için geçerlidir. İş başvurusunda bulunan aday, {2} rolüne başvurmuştur",
Interview Scheduled Date,Planlanan Mülakat Tarihi,
Interview Status,Mülakat Durumu,
Interview Summary,Görüşme Özeti,
Interview Type,Görüşme Türü,
Interview: {0} Rescheduled,Mülakat: {0} Yeniden Planlandı,
Interviewer,Görüşmeci,
Interviewers,Görüşmeyi Yapanlar,
Introduction,Tanıtım/Giriş,
Invalid,Geçersiz,
Invalid Action,Geçersiz Eylem,
Invalid Additional Salary,Geçersiz Ek Maaş,
Invalid Cost Center,Geçersiz Maliyet Merkezi,
Invalid Payroll Payable Account. The account currency must be {0} or {1},Geçersiz Bordro Borç Hesabı. Hesap para birimi {0} veya {1} olmalıdır.,
Investigated,Araştırıldı,
Investigation Details,İnceleme Detayları,
Invited,Davet Edildi,
Invoice Ref,Fatura Ref,
Is Active,Aktif,
Is Applicable for Referral Bonus,Referans Bonusu Uygulanabilir,
Is Carry Forward,İleriye Dönük,
Is Compensatory,Telafi,
Is Compensatory Leave,Telafi İzni,
Is Default,Varsayılan,
Is Earned Leave,Kazanılmış İzin,
Is Expired,süresi doldu,
Is Flexible Benefit,Esnek Fayda,
Is Group,Grup,
Is Income Tax Component,Gelir Vergisi Bileşenleri,
Is Leave Without Pay,Ücretsiz İzin,
Is Mandatory,Zorunlu,
Is Optional Leave,İsteğe Bağlı İzin,
Is Paid,Ödendi,
Is Partially Paid Leave,Kısmi Ücretli İzin,
Is Recurring,Yinelenen,
Is Tax Applicable,Vergi Uygulanabilir,
Jan,Ocak,
Job Applicant,İş Başvurusu,
Job Applicant Source,İş Başvurusu Kaynağı,
Job Applicants are not allowed to appear twice for the same Interview round. Interview {0} already scheduled for Job Applicant {1},İş Başvurusu Yapanların aynı Mülakat turuna iki kez katılmalarına izin verilmez. Mülakat {0} İş Başvurusu Yapan için zaten planlanmıştır {1},
Job Application Route,İş Başvuru Yolu,
Job Description,İş Tanımı,
Job Offer,İş Teklifi,
Job Offer Term,İş Teklifi Süresi,
Job Offer Term Template,İş Teklifi Şartları Şablonu,
Job Offer Terms,İş Teklifi Şartları,
Job Offer status,İş Teklifi durumu,
Job Offer: {0} is already for Job Applicant: {1},"İş Teklifi: {0}, İş Başvurusu Sahibi için zaten: {1}",
Job Opening,İş İlanı,
Job Openings for the designation {0} are already open or the hiring is complete as per the Staffing Plan {1},{0} pozisyonu için iş ilanları zaten açık ya da İstihdam Planı {1} doğrultusunda işe alım tamamlanmıştır,
Job Requisition,İşe Alım Talebi,
Job Requisition {0} has been associated with Job Opening {1},İşe Alım Talebi {0} Pozisyon Açıklığı {1} ile ilişkilendirilmiştir,
Job Title,İş İlanı Başlığı,
"Job profile, qualifications required etc.","İş tanımı, gerekli nitelikler vb.",
Joining Date,birleştirme tarihi,
Journal Entry,Defter Girişi,
July,Temmuz,
June,Haziran,
KRA,KRA,
Key Performance Area,Anahtar Performans Alanı,
Key Responsibility Area,Anahtar Sorumluluk Alanı,
Keyboard Shortcuts,Klavye Kısayolları,
Last Day,Son Gün,
Last Known Successful Sync of Employee Checkin. Reset this only if you are sure that all Logs are synced from all the locations. Please don't modify this if you are unsure.,"Çalışan Checkin En Son Başarılı Başarılı Senkronizasyonu. Bunu, yalnızca Kayıtların tüm konumlardan entegre olarak kendinizden eminseniz sıfırlayın. Emin değilseniz lütfen bunu değiştirmeyin.",
Last Name,Soyadı,
Last Sync of Checkin,Kontrolün Son Senkronizasyonu,
Late Entry,Geç giriş,
Late Entry Grace Period,Geç Giriş Grace Dönemi,
Latitude,Enlem,
Leave,Ayrılmak,
Leave Allocation,İzin Tahsisi,
Leave Allocations,Tahsisleri Bırak,
Leave Application,İzin Formu,
Leave Application period cannot be across two non-consecutive leave allocations {0} and {1}.,"İzin başvuru süresi, ardışık olmayan iki farklı izin tahsisi {0} ve {1} arasında olamaz.",
Leave Approval Notification,İzin Onay Bildirimi,
Leave Approval Notification Template,İzin Onay Bildirimi Şablonu,
Leave Approver,İzni Onaylayan,
Leave Approver Mandatory In Leave Application,İzin Başvurusunda Onaylayıcı Zorunlu Olsun,
Leave Approver Name,Onaylayan Adı bırak,
Leave Balance,İzin Bakiyesi,
Leave Balance Before Application,Uygulamadan Önce Kalan İzin,
Leave Block List,Bloklu İzin Listesi,
Leave Block List Allow,İzin engel listesini sürdürür,
Leave Block List Allowed,Müsaade edilen izin engel listesi,
Leave Block List Date,izin engel listesi tarihi,
Leave Block List Dates,izin engel listesi süreleri,
Leave Block List Name,izin engel listesi adı,
Leave Blocked,İzin Engellendi,
Leave Control Panel,İzin Kontrol Paneli,
Leave Details,İzin Detayları,
Leave Encashment,İzin Paraya çevirme,
Leave Encashment Amount Per Day,Gündem Muhafaza Miktarını Bırak,
Leave Ledger,İzin Defteri,
Leave Ledger Entry,Defter Girişini Bırakın,
Leave Period,İzin Dönemi,
Leave Policy,İzin Politikası,
Leave Policy Assignment,İzin Politikası Ataması,
Leave Policy Assignment Overlap,İzin Politikası Atama Çakışması,
Leave Policy Detail,İzin Politika Ayrıntısı,
Leave Policy Details,İzin Politikası Ayrıntıları,
Leave Policy: {0} already assigned for Employee {1} for period {2} to {3},İzin Politikası: {0} zaten {1} Personeli için {2} ile {3} dönemi için atanmış,
Leave Status Notification,İzin Durum Bildirimi,
Leave Status Notification Template,İzin Durumu Bildirim Şablonu,
Leave Type,İzin Türü,
Leave Type Name,İzin Türü Adı,
Leave Type can either be compensatory or earned leave.,İzin türü telafi edici veya hak edilmiş izin olabilir.,
Leave Type can either be without pay or partial pay,İzin Türü ücretsiz veya kısmi ücretli olabilir,
Leave Type is mandatory,İzin Türü zorunludur,
Leave Type {0} cannot be allocated since it is leave without pay,o ödeme yapmadan terk beri Türü {0} tahsisi gereksiz bırakın,
Leave Type {0} cannot be carry-forwarded,{0} carry-ilet çocuklar olamaz Type bırakın,
Leave Type {0} is not encashable,{0} Türü Ayrılma özelliği değiştirilemez,
Leave Without Pay,Ücretsiz izin,
Leave Without Pay does not match with approved {} records,"Ödemesiz bırakma, mahremiyetler {} kayıtlarıyla eşleşmiyor",
Leave allocation {0} is linked with the Leave Application {1},İzin tahsisi {0} İzin Talebi {1} ile bağlantılıdır,
Leave already have been assigned for this Leave Policy Assignment,Bu İzin Politikası Ataması için zaten izin atanmış,
Leave and Expense Claim Settings,İzin ve Harcama Talebi Ayarları,
Leave application is linked with leave allocations {0}. Leave application cannot be set as leave without pay,"İzin projesi, {0} izin tahsisleri ile bağlantılı. İzinsiz yapılması, izinsiz izinsiz yapılamaz",
"Leave cannot be allocated before {0}, as leave balance has already been carry-forwarded in the future leave allocation record {1}","Öncelik tahsis edememek izin {0}, izin özellikleri zaten devredilen gelecek izin tahsisi kayıtlarında olduğu gibi {1}",
"Leave cannot be applied/cancelled before {0}, as leave balance has already been carry-forwarded in the future leave allocation record {1}","İzin yapısı zaten devredilen gelecek izin tahsisi kayıtlarında olduğu gibi, daha önce {0} iptal / tatbik etmek anlamsız bırakın {1}",
Leave of type {0} cannot be longer than {1}.,{0} türündeki izin {1} değerinden daha uzun olamaz.,
Leave(s) Expired,Süresi Dolan İzinler,
Leave(s) Pending Approval,Onay Bekleyen İzinler,
Leave(s) Taken,Alınan İzinler,
Leaves,İzinler,
Leaves & Holidays,İzinler & Tatiller,
Leaves Allocated,Ayrılan İzinler,
Leaves Pending Approval,Onay Bekleyen İzinler,
Leaves for the Leave Type {0} won't be carry-forwarded since carry-forwarding is disabled.,{0} İzin Türü için izinler devre dışı bırakıldığından devredilemez.,
Leaves per Year,Yıllık İzin,
Left,Ayrıldı,
Letter Head,Antetli Kağıt,
Level,Seviye,
License Plate,Plaka,
Lifecycle,Yaşam döngüsü,
Lime,Limon Yeşili,
Loan,Avans,
Loan Account,Avans Hesabı,
Loan Repayment Entry,Kredi Geri Ödeme Girişi,
Location,Konum,
Location / Device ID,Lokasyon / Cihaz,
Location Name,Lokasyon Adı,
Lodging Required,Konaklama Gerekli,
Log Type,Giriş Türü,
Log Type is required for check-ins falling in the shift: {0}.,Vardiyaya giriş check-in işlemleri için Günlük Tipi gereklidir: {0}.,
Log out,Çıkış,
Login Failed,Giriş Başarısız,
Longitude,Boylam,
Lower Range,Alt Aralık,
MICR,MİKR,
Make,Oluştur,
Make Bank Entry,Banka Ödeme Girişi,
Mandatory,Zorunlu,
Mandatory fields required for this action:,Bu eylem için gerekli zorunlu alanlar:,
Mandatory fields required in {0},{0} Eklerken Aşağıdaki Alanlar Zorunludur,
Manual,Elle,
Manual Rating,Manuel Derecelendirme,
Mar,Mart,
Mark Attendance,Devamlılığı İşaretle,
Mark Auto Attendance on Holidays,Tatil Günlerinde Otomatik Devamlılığı İşaretleyin,
Mark as Completed,Tamamlandı Olarak İşaretle,
Mark as In Progress,Devam Ediyor Olarak İşaretle,
Mark as {0},{0} Olarak İşaretle,
Mark attendance based on 'Employee Checkin' for Employees assigned to this shift.,Bu vardiyaya atanan personel için Personel Hareketine göre devamlılığı işaretle.,
Mark {0} as Completed?,{0} Tamamlandı olarak işaretlensin mi?,
Marked Attendance,Devamlılık Kaydedildi,
Marked Attendance HTML,Kaydedilmiş Devamlılık HTML,
Marking Attendance,Devamlılık Kaydediliyor,
Max Amount Eligible,Maksimum Tutar,
Max Benefit Amount,Maksimum Fayda Tutarı,
Max Benefit Amount (Yearly),Maksimum Fayda Tutarı (Yıllık),
Max Benefits (Amount),Maksimum Faydalar (Tutar),
Max Benefits (Yearly),Maksimum Faydalar (Yıllık),
Max Exemption Amount,Maksimum Muafiyet Tutarı,
Max Exemption Amount cannot be greater than maximum exemption amount {0} of Tax Exemption Category {1},"Azami Muafiyet Tutarı, {1} Vergi Muafiyeti Kategorisi {1} azami muafiyet yöneticilerinden fazla olamaz.",
Max Taxable Income,Maksimum Vergilendirilebilir Gelir,
Max benefits should be greater than zero to dispense benefits,"Maksimum faydalar, faydaları dağıtmak için sıfırdan büyük olmalıdır",
Max working hours against Timesheet,Max Çizelgesi karşı çalışma saatleri,
Maximum Carry Forwarded Leaves,Maksimum Devredilen İzin,
Maximum Consecutive Leaves Allowed,İzin Verilen Maksimum Ardışık İzinler,
Maximum Consecutive Leaves Exceeded,Maksimum Ardışık İzin Sayısı Aşıldı,
Maximum Encashable Leaves,Maksimum Paraya Çevrilebilir İzinler,
Maximum Exempted Amount,Maksimum Muaf Tutar,
Maximum Exemption Amount,Maksimum Muafiyet Tutarı,
Maximum amount eligible for the component {0} exceeds {1},{0}yapıya uygun maksimum tutarlar {1} değerini aşıyor,
Maximum benefit amount of component {0} exceeds {1},{0}yapının maksimum fayda miktarı {1} değerini aşıyor,
Maximum benefit amount of employee {0} exceeds {1},{0} çalışanının maksimum fayda miktarı {1} değerini aşıyor,
Maximum leave allowed in the leave type {0} is {1},{0} izin türü izin verilen maksimum izin {1},
May,Mayıs,
Meal Preference,Yemek Tercihi,
Medical,Tıbbi,
Message,Mesaj,
Mileage,Kilometre,
Min Taxable Income,Asgari Vergiye Tabi Gelir,
Minimum Year for Gratuity,İkramiye için Minimum Yıl,
Missing Field,Eksik Veri,
Missing Fields,Eksik Alanlar,
Missing Mandatory Field,Zorunlu Alan Eksik,
Mode Of Payment,Ödeme Yöntemi,
Mode of Payment,Ödeme Yöntemi,
Mode of Travel,Seyahat Şekli,
Mode of payment is required to make a payment,Ödeme Modu ödeme yapmak için gereklidir,
Model,Modeli,
Monday,Pazartesi,
Month,Ay,
Month To Date(Company Currency),Ay Başından Bugüne (Şirket Para Birimi),
Monthly,Aylık,
Monthly Attendance Sheet,Aylık Devamlılık Tablosu,
More,Daha fazla,
More Info,Daha Fazla Bilgi,
More than one selection for {0} not allowed,{0} için birden fazla seçime izin verilmiyor,
Multiple Shift Assignments,Çoklu Vardiya Atamaları,
My Account,Hesabım,
Name,Adı,
Name error,İsim hatası,
Name of Organizer,Organizatörün Adı,
Naming Series,Adlandırma Serisi,
Net Pay,Net Ödeme,
Net Pay (Company Currency),Net Ücret (Şirket Para Birimi),
Net Pay Info,Net Ödeme Bilgisi,
Net Pay cannot be less than 0,Net Ücret az 0 olamaz,
Net Salary Amount,Net Maaş Tutarı,
Net pay cannot be negative,Net ödeme negatif olamaz,
New,Yeni,
New Company,Yeni Şirket,
New Employee ID,Yeni Personel ID,
New Feedback,Yeni Geri Bildirim,
New Leave(s) Allocated,Yeni İzinler Tahsis Edildi,
New Leaves Allocated,Tahsis Edilen Yeni İzinler,
New Leaves Allocated (In Days),Tahsis Edilen Yeni İzinler (Günler),
New shift assignments will be created after this date.,Yeni vardiya atamaları bu tarihten sonra oluşturulacaktır.,
No,Hayır,
No Data,Hiç Veri yok,
No Employee Found,Personel bulunamadı,
No Employee found for the given employee field value. '{}': {},verilen çalışanın saha değeri için çalışan bulunamadı. &#39;{}&#39;: {},
No Employees Selected,Personel Seçilmedi,
No Interview has been scheduled.,Henüz bir görüşme planlanmadı.,
No Leave Period Found,İzin Süresi Bulunamadı,
No Leaves Allocated to Employee: {0} for Leave Type: {1},Çalışana Ayrılan Yaprak Yok: {0} İzin Türü için: {1},
No Shift Requests Selected,Seçili Vardiya Talebi Yok,
No Staffing Plans found for this Designation,Bu Unvan için Personel Planı Bulunamadı,
No active or default Salary Structure found for employee {0} for the given dates,veri tarihleri için çalışanlar {0} için bulunma aktif veya varsayılan Maaş Yapısı,
No additional expenses has been added,Hiçbir ek masraf eklenmedi,
No attendance records found for this criteria.,Bu kriter için herhangi bir giriş-çıkış kaydı bulunamadı.,
No attendance records found.,Giriş Çıkış kaydı bulunamadı.,
No changes found in timings.,Zamanlamalarda herhangi bir değişiklik bulunamadı.,
No employees found,Personel bulunamadı,
No employees found for the mentioned criteria:<br>Company: {0}<br> Currency: {1}<br>Payroll Payable Account: {2},Belirtilen kriterler için personel bulunamadı:<br>Şirket: {0}<br> Para Birimi: {1}<br>Bordro Ödeme Hesabı: {2},
No employees found for the selected criteria,Seçilen kriterler için uygun personel bulunamadı,
No employees found with selected filters and active salary structure,Seçilen filtrelere ve aktif maaş yapısına sahip Personel bulunamadı,
No feedback has been received yet,Henüz geri bildirim alınmadı,
No items selected,Hiçbir öğe seçilmedi,
No leave record found for employee {0} on {1},{0} personeli için {1} tarihinde izin kaydı bulunamadı,
No leaves have been allocated.,Hiçbir izin tahsis edilmedi.,
No more updates,Başka güncelleme yok,
No of. Positions,Pozisyon Sayısı,
No record found,Kayıt Bulunamadı,
No replies from,Şundan yanıt yok,
No salary slip found to submit for the above selected criteria OR salary slip already submitted,Yukarıdaki özelliklere göre maaş fişi bulunmayan VEYA maaş fişi zaten gönderildi,
No {0} Selected,Hiç {0} Seçilmedi,
Non Diary,Günlük Olmayan,
Non Taxable Earnings,Vergiye Tabi Olmayan Kazançlar,
Non-Billed Hours,Faturalandırılmayan Saatler,
Non-Vegetarian,Vejeteryan olmayan,
Not Allowed,İzin Verilmiyor,
Not Permitted,İzin Verilmedi,
Not Started,Başlamadı,
Note,Not,
Note: Shift will not be overwritten in existing attendance records,Not: Vardiya mevcut devamlılık kayıtlarının üzerine yazılmayacaktır,
Note: Total allocated leaves {0} shouldn't be less than already approved leaves {1} for the period,"Not: Toplam tahsis edilen izinler {0} , dönem için onaylanan izinlerden {1} daha az olmamalıdır",
"Note: Your salary slip is password protected, the password to unlock the PDF is of the format {0}.","Not: Maaş bordronuz şifreyle korunmaktadır, PDF'i açmak için gereken şifre {0} formatındadır.",
Notes,Notlar,
Nothing to change,Değiştirecek bir şey yok,
Notice Period,İhbar süresi,
Notification Template,Bildirim Şablonu,
Notify users by email,E-Posta İle Bilgilendir,
Nov,Kasım,
Number Of Employees,Çalışan Sayısı,
Number Of Positions,Pozisyon Sayısı,
OUT,ÇIKIŞ,
Oct,Ekim,
Odometer Reading,Kilometre Sayacı Okuması,
Offer Date,Teklif Tarihi,
Offer Term,Teklif Dönemi,
Offer Terms,Teklif Şartları,
Old Parent,Eski Üst Öğe,
On Date,Tarihinde,
On Duty,Görevde,
On Hold,Beklemede,
On Leave,İzinli,
Onboarding Activities,Tanıtım Aktiviteleri,
Onboarding Begins On,Tanıtım Başlangıcı,
Only Approvers can Approve this Request.,Bu İsteği Yalnızca Onaylayanlar Onaylayabilirim.,
Only Completed documents can be submitted,Yalnızca Tamamlanmış belgeler gönderilebilir,
Only Leave Applications with status 'Approved' and 'Rejected' can be submitted,Sadece sunulabilir &#39;Reddedildi&#39; &#39;Onaylandı&#39; ve statülü Uygulamaları bırakın,
Only Shift Request with status 'Approved' and 'Rejected' can be submitted,Yalnızca &#39;Onaylandı&#39; ve &#39;Reddedildi&#39; Durumunda Vardiya İsteği gönderilebilir,
Only Tax Impact (Cannot Claim But Part of Taxable Income),"Sadece Vergi Etkisi (Talep Edilemez, Vergilendirilebilir Gelirin Bir Parçası)",
Only expired allocation can be cancelled,Yalnızca süresi dolmuş tahsisler iptal edilebilir,
Only users with the {0} role can create backdated leave applications,"Yalnızca {0} rolüne sahip kullanıcılar, geriye dönük uygulamalara izin vermek",
Open,Açık,
Open & Approved,Açık & Onaylandı,
Open Now,Şimdi Açık,
Opening Balance,Açılış Bakiyesi,
Optional Holiday List not set for leave period {0},"İsteğe bağlı Tatil Listesi, {0} dönem izin için ayarlanmamış",
Optional Leaves are holidays that Employees can choose to avail from a list of holidays published by the company.,"İsteğe Bağlı İzinler, Çalışanların şirket tarafından yayınlanan bir tatil listesinden yararlanmayı seçebilecekleri tatillerdir.",
Orange,Turuncu,
Organizational Chart,Organizasyon Şeması,
Other Details,Diğer Detaylar,
Other Settings,Diğer Ayarlar,
Other Taxes and Charges,Diğer Vergiler ve Masraflar,
Others,Diğer,
Out Time,Çıkış Süresi,
Out of 5,5 Üzerinden,
Outstanding Amount,Ödenmemiş Tutar,
Overall Average Rating,Genel Ortalama Puan,
Overlapping Shifts,Çakışan Vardiyalar,
Overview,Genel Bakış,
Overwrite Salary Structure Amount,Maaş Yapısı Miktarının Üzerine Yazma,
Owned,Kendinin,
PAN Number,PAN Numarası,
PF Account,PF Hesabı,
PF Amount,PF Miktarı,
PF Loan,KM Kredisi,
Paid,Ödenmiş,
Paid Amount,Ödenen Tutar,
Parameter,Parametre,
Part-time,Yarı zamanlı,
Partial Success,Kısmen Başarılı,
"Partially Sponsored, Require Partial Funding","Kısmen Sponsorlu, Kısmi Finansman Gerektirir",
Partly Claimed and Returned,Kısmen Talep Edildi ve İade Edildi,
Passport Number,Pasaport Numarası,
Password Policy,Şifre politikası,
Password policy cannot contain spaces or simultaneous hyphens. The format will be restructured automatically,Parola koruma hapları veya kısa süreler tire içeremez. Format otomatik olarak yeniden yapılandıracak,
Password policy for Salary Slips is not set,Maaş bordrosu için şifre politikası belirlenmedi,
Pay Against Benefit Claim,Fayda Talebine Karşı Ödeme,
Pay via Salary Slip,Maaş Bordrosu ile Ödeme,
Payable Account,Borç Hesabı,
Payable Account is mandatory to submit an Expense Claim,Gider Talebi göndermek için Borç Hesabı zorunludur,
Payables,Borçlar,
Payment,Ödeme,
Payment Account,Ödeme Hesabı,
Payment Account is mandatory,Ödeme Hesabı verileri,
Payment Date,Ödeme Tarihi,
Payment Days,Ödeme Günleri,
Payment Days Calculation Help,Hakediş Günleri Hesaplama Yardımı,
Payment Entry,Ödeme Girişi,
Payment and Accounting,Ödeme ve Muhasebe,
Payment of {0} from {1} to {2},{1} ile {2} arasındaki {0} ödemesi,
Payroll,Bordro,
Payroll Cost Centers,Bordro Maliyet Merkezleri,
Payroll Date,Maaş Tarihi,
Payroll Employee Detail,Bordro Çalışan Ayrıntısı,
Payroll Entry,Bordro Girişi,
Payroll Frequency,Maaş Ödeme Döngüsü,
Payroll Info,Bordro Bilgileri,
Payroll Number,Bordro Numarası,
Payroll Payable,Ödenecek Bordro,
Payroll Payable Account,Bordro Borç Hesabı,
Payroll Period,Bordro Dönemi,
Payroll Period Date,Bordro Dönemi Tarihi,
Payroll Periods,Bordro Dönemleri,
Payroll Settings,Bordro Ayarları,
Payroll date can not be greater than employee's relieving date.,"Bordro tarihi, çalışanların cayma yolları büyük olamaz.",
Payroll date can not be less than employee's joining date.,"Bordro tarihi, çalışanların işe giriş işlemleri az olamaz.",
Pending,Bekliyor,
Pending Amount,Bekleyen Tutar,
Pending Interviews,Bekleyen Mülakatlar,
Pending Questionnaires,Bekleyen Mülakatlar,
Percent,Yüzde,
Percent Deduction,Yüzde kesinti,
Percentage (%),Yüzde (%),
Phone Number,Telefon Numarası,
Piecework,parça başı iş,
Pink,Pembe,
Planned number of Positions,Planlanan Pozisyon Sayısı,
Please Enable Auto Attendance and complete the setup first.,Lütfen önce Otomatik Devamlılığı etkinleştirin ve kurulumu tamamlayın.,
Please Select Company First,Lütfen Önce Firma Seçin,
Please add the remaining benefits {0} to any of the existing component,Lütfen mevcut bileşenlerden herhangi birine {0} kalan faydaları ekleyin,
Please add the remaining benefits {0} to the application as pro-rata component,Lütfen kalan faydaları {0} orantılı bileşen olarak uygulamaya ekleyin,
Please confirm once you have completed your training,Lütfen eğitiminizi tamamladığınızda onaylayın,
Please create a new {0} for the date {1} first.,Lütfen öncelikle {1} tarihi için yeni bir {0} oluşturun.,
Please enable default incoming account before creating Daily Work Summary Group,Günlük İş Özet Grubunu oluşturmadan önce varsayılan gelen hesabı etkinleştirin,
Please enter the designation,Lütfen belirti giriniz,
Please see attachment,Lütfen dosya ekini inceleyin,
Please select Company and Designation,Lütfen Şirket ve Atamayı seçiniz,
Please select Employee,Lütfen Çalışan Seçin,
Please select Employee first.,Lütfen önce çalıştır seçin.,
Please select From Date and Payroll Frequency first,Lütfen önce Başlangıç Tarihi ve Bordro Sıklığını seçin,
Please select From Date.,Lütfen Başlangıç Tarihini seçin.,
Please select Shift Schedule and assignment date(s).,Lütfen Vardiya Programını ve görevlendirme tarihlerini seçiniz.,
Please select Shift Type and assignment date(s).,Lütfen Vardiya Türünü ve atama tarihlerini seçin.,
Please select a Company,Bir Şirket Seçiniz,
Please select a company first,Lütfen önce bir Şirket seçin,
Please select a company first.,Lütfen önce bir şirket seçin.,
Please select a csv file,Lütfen bir csv dosyası seçin,
Please select a date.,Lütfen bir tarih seçin.,
Please select an Applicant,Lütfen bir Başvuru Seçin,
Please select at least one Shift Request to perform this action.,Bu işlemi gerçekleştirmek için lütfen en az bir Vardiya Talebi seçin.,
Please select at least one employee to perform this action.,Lütfen bu işlemi gerçekleştirmek için en az bir personel seçin.,
Please select at least one row to perform this action.,Bu işlemi gerçekleştirmek için lütfen en az bir satır seçin.,
Please select company.,Lütfen şirket seçiniz.,
Please select employee first,Lütfen önce Personeli seçin,
Please select employees to create appraisals for,Lütfen değerlendirmeleri oluşturmak için personelleri seçin,
Please select month and year.,Lütfen ay ve yıl seçin.,
Please select the Appraisal Cycle first.,Lütfen öncelikle Değerlendirme Döngüsünü seçin.,
Please select the attendance status.,Lütfen devamlılık durumunuzu seçiniz.,
Please select the employees you want to mark attendance for.,Lütfen devamlılığını işaretlemek istediğiniz personelleri seçin.,
Please select the salary slips to email,Lütfen e-postayla gönderilecek maaş bordrolarını seçin,
Please select {0},Lütfen {0} seçin,
"Please set ""Default Payroll Payable Account"" in Company Defaults","Lütfen Şirket Varsayılanları'nda ""Varsayılan Bordro Ödenecek Hesabı ""nı ayarlayın",
Please set Payroll based on in Payroll settings,Lütfen Bordro ayarlarına göre Bordro ayarı,
Please set a Default Cash Account in Company defaults,Lütfen Şirket Varsayılanlarında Varsayılan Nakit Hesabı ayarlayın,
Please set default template for Leave Approval Notification in HR Settings.,Lütfen İK Ayarları&#39;nda Onay Onay Bildirimi için varsayılan şablonu ayarı.,
Please set default template for Leave Status Notification in HR Settings.,Lütfen İK Ayarları&#39;nda Durum Bildirimi Bırakma için varsayılan şablonu ayarlayın.,
Please set the Appraisal Template for all the {0} or select the template in the Employees table below.,Lütfen tüm {0} için Değerlendirme Şablonunu ayarlayın veya aşağıdaki Personeller tablosundan şablonu seçin.,
Please set the Company,Lütfen şirketi ayarlayın.,
Please set the Date Of Joining for employee {0},Lütfen çalışan {0} için Katılma Tarihi'ni ayarlayın.,
Please set the Holiday List.,Lütfen Tatil Listesini ayarlayın.,
Please set {0}.,Lütfen Önce {0} Alanlarını Doldurun.,
Please setup Employee Naming System in Human Resource > HR Settings,Lütfen İnsan Kaynakları&gt; İK Yapılandırma bölümü Çalışan Adlandırma Sistemini kurun,
Please setup numbering series for Attendance via Setup > Numbering Series,Lütfen Devamlılık için numaralandırmayı Ayarlar > Adlandırma Serisi üzerinden yapılandırın,
Please share your feedback to the training by clicking on 'Training Feedback' and then 'New',Eğitime geribildiriminizi &#39;Eğitim Geri Bildirimi&#39; ve ardından &#39;Yeni&#39;,
Please specify the job applicant to be updated.,Lütfen güncellenecek iş başvurusu sahibini belirtiniz.,
Please update your status for this training event,Lütfen bu eğitim olayına ilişkin açıklamayı güncelleyin,
Posted On,Yayınlama Tarihi,
Posting Date,Tarih,
Posting date,Kayıt. Tarihi,
Preferred Area for Lodging,Konaklama için Tercih Edilen Alan,
Present,Geldi,
Preview Salary Slip,Maaş Bordrosu Önizleme,
Print Heading,Baskı Başlığı,
Printing Details,Yazdırma Detayları,
Privilege Leave,Ayrıcalık izni,
Probation,Deneme Süresi,
Probationary Period,Deneme Dönemi,
Process Attendance After,İşlem Sonrasına Devam Etme,
Process Shift Requests,Vardiya Taleplerini İşle,
Processing Requests,Devam Eden Talepler,
Processing Requests...,Talepler İşleniyor...,
Professional Tax Deductions,Profesyonel Vergi İndirimleri,
Proficiency,Yeterlilik,
Profit,Kâr,
Progress,İlerleme,
Project,Proje,
Promotion Date,Terfi Tarihi,
Property,Özellik,
Property already added,Özellik zaten eklendi,
Provident Fund Deductions,Yardım Sandığı Kesintileri,
Publish Applications Received,Alınan Başvuruları Yayınla,
Publish Salary Range,Maaşı Göster,
Publish on website,Web Sitesinde Yayınla,
Purpose,İşlem,
Purpose & Amount,Amaç & Miktar,
Purpose of Travel,Seyahat Amacı,
Quarterly,Üç Aylık,
Questionnaire Email Sent,Anket E-postası Gönderildi,
Queued,Sıraya alındı,
Quick Filters,Hızlı Filtreler,
Quick Links,Hızlı Bağlantılar,
Raised By,Talep eden,
Rate,Fiyat,
Rate Goals Manually,Hedefleri Manuel Olarak Değerlendirin,
Rating,Değerlendirme,
Rating Criteria,Değerlendirme Kriteri,
Ratings,Değerlendirme,
Re-allocate Leaves,İzinler yeniden ayır,
Read,Okudu,
Reason,Gerekçe,
Reason for Requesting,Talep Nedeni,
Receivables,Alacaklar,
Recent Expenses,Son Harcamalar,
Recent Leaves,Son İzinler,
Recent Shift Requests,Son Vardiya Talepleri,
Recover Cost,Maliyet Kurtarma,
Recruitment Analytics,İşe Alım Analitiği,
Red,Kırmızı,
Reference,Referans,
Reference Document,Referans Belgesi,
Reference Document Name,Referans Döküman Adı,
Reference Document Type,Referans Belge Türü,
Reference: {0},Referans: {0},
References,Referanslar,
Referral Bonus Payment Status,Referans Bonusu Ödeme Durumu,
Referral Details,Referans Detayları,
Referrer,Referans Olan,
Referrer Details,Referans Detayları,
Referrer Name,Referansın Adı,
Reflections,Yansımalar,
Refuelling Details,Yakıt Detayları,
Reject,Reddet,
Reject Employee Referral,Çalışan Referansını Reddet,
Rejected,Reddedildi,
Released,Yayınlandı,
Relieving Date,Ayrılma Tarihi,
Relieving Date ,Ayrılma Tarihi ,
Reload,Yeniden Yükle,
Remaining Benefits (Yearly),Kalan Faydalar (Yıllık),
Remark,Açıklama,
Remarks,Açıklamalar,
Remind Before,Daha Önce Hatırlat,
Reminded,hatırlatıldı,
Reminder,Hatırlatıcı,
Reminders,Hatırlatıcılar,
Remove if Zero Valued,Sıfır Değerindeyse Kaldır,
Rented Car,kiralanmış araba,
Reopen,Yeniden Aç,
Repay From Salary can be selected only for term loans,Maaştan Geri Ödeme beklemek krediler için kullanmak,
Repay Unclaimed Amount from Salary,Maaştan Talep Edilmemiş Tutarı Geri Öde,
Repeat On Days,Tekrar Eden Günler,
Replied,Yanıtlandı,
Replies,Yanıtlar,
Reports,Raporlar,
Reports To,Raporlanan Kişi,
Requested By,Talep Eden,
Requested By (Name),Talep Eden (İsim),
Require Full Funding,Tam Finansman Gerektir,
Required Skills,Gerekli Beceriler,
Required for Employee Creation,Çalışan Yaratma için Gerekli,
Reschedule Interview,Röportajı Yeniden Planla,
Resignation Letter Date,İstifa Tarihi,
Resolution Date,Çözüm Tarihi,
Resolution Details,Çözüm Detayları,
Resolved,Çözümlendi,
Resolved By,Çözen,
Responsibilities,Sorumluluklar,
Restrict Backdated Leave Application,Geçmiş Tarihli İzin Başvurusunu Kısıtla,
Result,Sonuç,
Resume,Özgeçmiş,
Resume Attachment,Özgeçmiş Yükleme,
Resume Link,Özgeçmişin Bağlantısı,
Resume link,Özgeçmişin Bağlantısı,
Retention Bonus,Tutma Bonusu,
Retirement Age (In Years),Emeklilik Yaşı,
Return,İade,
Returned,İade Edildi,
Returned Amount,İade Edilen Tutar,
Review various other settings related to Employee Leaves and Expense Claim,Personel İzinleri ve Gider Talebi ile ilgili diğer çeşitli ayarları inceleyin,
Right,Sağ,
Role,Rol,
Role Allowed to Create Backdated Leave Application,Gecikmeli İzin Başvurusu Oluşturma Rolüne İzin Verildi,
Roster,Görev Planı,
Roster Color,Görev Rengi,
Round Name,Aşama Adı,
Round to the Nearest Integer,En Yakın Tam Sayıya Yuvarla,
Rounded Total,Yuvarlatılmış Toplam,
Rounded Total (Company Currency),Yuvarlanmış Toplam (Şirket Kuru),
Rounding,Yuvarlatma,
Route,Rota,
Route to the custom Job Application Webform,İş Başvurusunu Web Formuna Yönlendirme,
Row #{0}: Cannot set amount or formula for Salary Component {1} with Variable Based On Taxable Salary,Satır # {0}: Vergilendirilebilir Maaşa Dayali işletimle {1} Maaş Bileşeni için tutar veya formüller ayarlanamaz,
Row {0}# Allocated amount {1} cannot be greater than unclaimed amount {2},"Satır {0} # Tahsis edilen tutarlar {1}, talep edilmeyen tutarlardan {2} daha büyük olamaz",
Row {0}# Paid Amount cannot be greater than requested advance amount,Satır {0} # Ödenen Miktar istenen avans kadar büyük olamaz,
Row {0}: Cost Center {1} does not belong to Company {2},Satır {0}: Maliyet Merkezi {1} {2} şirketine ait değil,
Row {0}: {1},Satır {0}: {1},
Row {0}: {1} is required in the expenses table to book an expense claim.,Satır {0}: Bir gider talebi rezerve etmek için gider tablosunda {1} gereklidir.,
Rules,Kurallar,
Salary,Maaş,
Salary Component,Maaş Bileşenleri,
Salary Component ,Maaş Bileşeni ,
Salary Component Account,Maaş Bileşen Hesabı,
Salary Component Type,Maaş Bileşeni Türü,
Salary Component for timesheet based payroll.,zaman girerken bina bordrosu için maaş Bileşeni.,
Salary Currency,Maaş Para Birimi,
Salary Detail,Maaş Detay,
Salary Details,Maaş Detayları,
Salary Expectation,Maaş Beklentisi,
Salary Paid Per,Maaş Döngüsü,
Salary Payments Based On Payment Mode,Ödeme Moduna Göre Maaş Ödemeleri,
Salary Payments via ECS,ECS ile Maaş Ödemeleri,
Salary Range,Maaş Aralığı,
Salary Register,Maaş Kaydı,
Salary Slip,Maaş Bordrosu,
Salary Slip Based on Timesheet,Maaş Yapısını Devamlılık Tablosuna Göre Oluştur,
Salary Slip ID,Maaş kayma kimliği,
Salary Slip Loan,Maaş Kaybı Kredisi,
Salary Slip Timesheet,Maaş Kayma Zaman Çizelgesi,
Salary Slip of employee {0} already created for this period,çalışanın maaş Kuponu {0} zaten bu dönem için tahrik edilen,
Salary Slip of employee {0} already created for time sheet {1},çalışanın maaş Kuponu {0} zaten zaman ayırmak için çalışanlar {1},
Salary Slips Created,Maaş Balıkları Oluşturuldu,
Salary Slips Submitted,Maaş Balıkları Gönderildi,
"Salary Slips already exist for employees {}, and will not be processed by this payroll.",Maaş Bordroları {} personeller için zaten mevcuttur ve bu bordro tarafından işlenmeyecektir.,
Salary Structure,Maaş Yapısı,
Salary Structure Assignment,Maaş Yapısı Atama,
Salary Structure Assignment for Employee already exists,Çalışan için Maaş Yapısı Ataması zaten var,
Salary Structure Missing,Maaş Yapısı Eksik,
Salary Structure not found for employee {0} and date {1},{0} çalışanı ve {1} tarihi için Maaş Yapısı bulunamadı,
Salary Structure should have flexible benefit component(s) to dispense benefit amount,"Maaş Yapısı, fayda miktarını dağıtmak için esnek fayda miktarına sahip olmalıdır.",
"Salary already processed for period between {0} and {1}, Leave application period cannot be between this date range.","Maaş zaten {0} ve {1}, bu tarih aralığında başvuru yapılamaz süreler arası dönem için işlenmiş.",
Salary breakup based on Earning and Deduction.,Kazanç ve Kesintiye Dayalı Maaş Dağılımı,
Salary slip emails have been enqueued for sending. Check {0} for status.,Maaş bordrosu e-postaları gönderilmek üzere sıraya alınmıştır. Durum için {0} adresini kontrol edin.,
Sales Invoice,Satış Faturası,
Same Company is entered more than once,Aynı Şirket birden fazla kez girildi,
Sanctioned Amount cannot be greater than Claim Amount in Row {0}.,Yaptırıma Tutar Satır talep miktarı daha büyük olamaz {0}.,
Saturday,Cumartesi,
Scheduled,Planlandı,
Scheduled On,Planlandığı Tarih,
Score (0-5),Puan (0-5),
Score Earned,Kazanılan Puan,
Score must be less than or equal to 5,Skor 5'ten az veya eşit olmalıdır,
Search for Jobs,İş Ara,
Select Company,Şirket Seç,
Select Employees,Personel Seçin,
Select Interview Round First,Önce Mülakat Turunu Seçin,
Select Interview first,Önce Mülakatı Seçin,
Select Payment Account to make Bank Entry,Banka Girişi Yapmak İçin Ödeme Hesabını Seçin,
Select Payroll Frequency.,Maaş Sıklığını Seçin.,
Select Property,Özellik Seç,
Select Shift Requests,Vardiya Taleplerini Seçin,
Select Terms and Conditions,Şartlar ve Koşulları Seçin,
Select Users,Kullanıcıları Seç,
Select an employee to get the employee advance.,Çalışan avansını elde etmek için bir çalışan seçin.,
Select the Employee for which you want to allocate leaves.,İzin tahsis etmek istediğiniz Personeli seçin.,
Select the Employee.,Personel Seçin,
"Select the Leave Type like Sick leave, Privilege Leave, Casual Leave, etc.","Hastalık İzni, Mazeret İzni, Ücretli İzin vb. gibi İzin Türünü seçin.",
Select the date after which this Leave Allocation will expire.,Bu İzin Tahsisinin sona ereceği tarihi seçin.,
Select the date from which this Leave Allocation will be valid.,Bu İzin Tahsisinin hangi tarihten itibaren geçerli olacağını seçin.,
Select the end date for your Leave Application.,İzin Talebiniz için bitiş tarihini seçin.,
Select the start date for your Leave Application.,İzin Talebiniz için başlangıç tarihini seçin.,
Select this if you want shift assignments to be automatically created indefinitely.,Vardiya atamalarının süresiz olarak otomatik oluşturulmasını istiyorsanız bunu seçin.,
"Select type of leave the employee wants to apply for, like Sick Leave, Privilege Leave, Casual Leave, etc.","Personelin başvurmak istediği izin türünü seçin; örneğin Hastalık İzni, Özel İzin, Günlük İzin vb.",
Select your Leave Approver i.e. the person who approves or rejects your leaves.,"İzin Onaylayıcınızı, yani izinlerinizi onaylayan veya reddeden kişiyi seçin.",
Select {0},{0} Seçimi,
Self-Study,Bireysel Çalışma,
Seminar,Seminer,
Send Emails At,E-Posta Gönder,
Send Exit Questionnaire,Çıkış Anketi Gönder,
Send Exit Questionnaires,Çıkış Anketi Gönderin,
Send Interview Feedback Reminder,Mülakat Geri Bildirim Hatırlatıcısı Gönderme,
Send Interview Reminder,Mülakat Hatırlatması Gönder,
Send Leave Notification,İzin Bildirimi Gönder,
Sender,Gönderen,
Sender Email,Gönderen E-postası,
Sending Failed due to missing email information for employee(s): {1},Personeller için eksik e-posta bilgileri nedeniyle Gönderim Başarısız Oldu: {1},
Sent,Gönderildi,
Sent Successfully: {0},Başarıyla Gönderildi: {0},
Sep,Eylül,
Separation Activities,Ayrılma İşlemleri,
Series,Seri,
Service,Hizmet,
Service Details,Hizmet Detayları,
Service Expense,Hizmet Masrafı,
Service Expenses,Hizmet Giderleri,
Service Item,Servis Öğe,
Session Defaults,Oturum Varsayılanları,
Set Assignment Details,Atama Ayrıntılarını Ayarla,
Set Leave Details,İzin Ayrıntılarını,
Set filters to fetch employees,Personel listelemek için filtreler ayarlayın,
Set optional filters to fetch employees in the appraisee list,Değerlendirilenler listesindeki personelleri getirmek için isteğe bağlı filtreler ayarlayın,
Set the default account for the {0} {1},{0} {1} için varsayılan hesap ayarı,
Set the frequency for holiday reminders,Tatil Hatırlatma Sıklığı,
Set the properties that should be updated in the Employee master on promotion submission,Terfi sonrası personel özelliklerinde gerçekleşecek değişiklikleri ayarlayın.,
Set {0} for selected employees,Seçilen Personeller için {0} adresini ayarlayın,
Settings,Ayarlar,
Settings Missing,Eksik Ayarlar,
Settled,Uzlaşıldı,
Shift,Vardiya,
Shift Actual End,Vardiya Sonu,
Shift Actual End Time,Vardiya Gerçek Bitiş Saati,
Shift Actual Start,Vardiya Gerçek Başlangıç,
Shift Actual Start Time,Vardiya Gerçek Başlangıç Saati,
Shift Assignment,Vardiya Atama,
Shift Assignment Details,Vardiya Atama Detayları,
Shift Assignment Tool,Vardiya Atama Aracı,
Shift Assignment: {0} created for Employee: {1},Vardiya Ataması: {0} Çalışan için yayınladı: {1},
Shift Attendance,Vardiya Devamlılığı,
Shift Details,Vardiya Detayları,
Shift End,vardiya sonu,
Shift End Time,Vardiya Bitiş Saati,
Shift Location,Vardiya Konumu,
Shift Request,Vardiya Talebi,
Shift Request Approver,Vardiya Talebi Onaylayıcısı,
Shift Request Filters,Vardiya Talep Filtreleri,
Shift Requests ending before this date will be excluded.,Bu tarihten önce biten Vardiya Talepleri hariç tutulacaktır.,
Shift Requests starting after this date will be excluded.,Bu tarihten sonra başlayan Vardiya Talepleri dikkate alınmayacaktır.,
Shift Schedule,Vardiya Programı,
Shift Schedule Assignment,Vardiya Programı Ataması,
Shift Settings,Vardiya Ayarları,
Shift Start,Vardiya Başlangıcı,
Shift Start Time,Vardiya Başlangıç Saati,
Shift Status,Vardiya Durumu,
Shift Timings,Vardiya Zamanları,
Shift Tools,Vardiya Araçları,
Shift Type,Vardiya Türü,
Shift has been successfully updated to {0}.,Vardiya başarıyla {0} olarak güncellendi.,
Show Employee,Çalışanı Göster,
Show Leave Balances in Salary Slip,Maaş Bordrosunda İzin Bakiyesini Göster,
Show Leaves Of All Department Members In Calendar,Takvimde Tüm Departman Üyelerinin Yapraklarını Göster,
Show Salary Slip,Göster Maaş Kayma,
Showing,Gösteriliyor,
Sick Leave,Hastalık İzni,
Single Assignment,Tek Görevlendirme,
Skill,Beceri,
Skill Assessment,Beceri Değerlendirmesi,
Skill Name,Yetkinlik İsmi,
Skills,Yetkinlikler,
Skip Auto Attendance,Otomatik Devamlılığı Yoksay,
"Skipping Salary Structure Assignment for the following employees, as Salary Structure Assignment records already exists against them. {0}","Aşağıdaki çalışanlar için Maaş Yapısı Ataması kayıtları zaten mülkü olduğu için, Maaş Yapısı Ataması kayıtları zaten atılmıştır. {0}",
Slack,Slack,
Source,Kaynak,
Source Name,Kaynak Adı,
Source and Rating,Kaynak ve Değerlendirme,
Source and target shifts cannot be the same,Kaynak ve hedef vardiyaları aynı olamaz,
Sponsored Amount,Sponsorlu Tutar,
Staffing Details,Personel Kadrosu Detayları,
Staffing Plan,Personel Kadrosu Planı,
Staffing Plan Detail,Kadro Planı Detayı,
Staffing Plan {0} already exist for designation {1},{1} atanması için {0} Kişisel Planı zaten mevcut,
Standard Tax Exemption Amount,Standart Vergi Muafiyeti Tutarı,
Standard Working Hours,Standart Çalışma Saatleri,
Start,Başlangıç,
Start Date,Başlangıç Tarihi,
Start Time,Başlangıç Zamanı,
"Start and end dates not in a valid Payroll Period, cannot calculate {0}","Başlangıç ve bitiş tarihleri geçerli bir Bordro Döneminde değil, {0} hesaplayamıyor",
"Start and end dates not in a valid Payroll Period, cannot calculate {0}.","Başlangıç ve bitiş süreleri geçerli bir Bordro Döneminde değil, {0} değeri hesaplayamaz.",
Start date: {0},Başlangıç Tarihi: {0},
Statistical Component,İstatistiksel Bileşen,
Status,Durum,
Stock Options,Stok Seçenekleri,
Stop users from making Leave Applications on following days.,Kullanıcıların şu günlerinde izinleri engelle.,
Strictly based on Log Type in Employee Checkin,Çalışan Kesinlikle Checkin'de Günlük Tipine Göre,
Structures have been assigned successfully,Yapılar başarıyla atandı,
Subject,Konu,
Submission Date,teslim tarihi,
Submission Failed,Gönderim Başarısız,
Submit,Gönder,
Submit Feedback,Geri Bildirimi Gönder,
Submit Now,Şimdi Gönder,
Submit Proof,Kanıt Gönder,
Submit Salary Slip,Bordro Gönder,
Submit this to create the Employee record,Çalışan kaydını oluşturmak için bunu gönderin,
Submitted,Kaydedildi,
Submitting Salary Slips and creating Journal Entry...,Maaş Fişleri Gönderme ve Yevmiye Kaydı Oluşturma ...,
Submitting Salary Slips...,Maaş Fişleri Gönderiliyor ...,
Subsidiary companies have already planned for {1} vacancies at a budget of {2}. Staffing Plan for {0} should allocate more vacancies and budget for {3} than planned for its subsidiary companies,"Bağlı şirketler zaten {1} pozisyon için {2} bütçesiyle planlama yapmış durumda. {0} için Personel Planı, bağlı şirketler için planlanan pozisyon ve bütçeden daha fazlasını {3} için tahsis etmelidir",
Success,Başarılı,
Summarized View,Özet Görünüm,
Sunday,Pazar,
Supplier,Tedarikçi,
Suspended,Beklemede,
Sync {0},Senkronize Et {0},
Syntax error,Söz dizimi hatası,
Syntax error in condition: {0} in Income Tax Slab,Gelir Vergisi Diliminde {0} koşulu için söz dizimi hatası,
System Health,Sistem Sağlığı,
System Manager,Sistem Yöneticisi,
Task,Görev,
Task Weight,Görev Ağırlığı,
Tax Exemption Category,Vergi Muafiyet Kategorisi,
Tax Exemption Proofs,Vergi Muafiyet İspatları,
Tax on additional salary,ek maaş vergisi,
Tax on flexible benefit,esnek fayda vergisi,
Taxable Salary Slab,Vergilendirilebilir Maaş Döşeme,
Taxable Salary Slabs,Vergilendirilebilir Maaş Levhaları,
Taxes & Charges,Vergiler & Kesintiler,
Taxes and Charges on Income Tax,Gelir Vergisi Üzerindeki Vergiler ve Masraflar,
Taxi,taksi,
Team Updates,Ekip Güncellemeleri,
Template Name,Şablon İsmi,
Terms,Şartlar,
Terms and Conditions,Şartlar ve Koşullar,
Thank you,Teşekkürler,
The currency of {0} should be same as the company's default currency. Please select another account.,{0} para birimi şirketin varsayılan para birimiyle aynı olmalıdır. Lütfen başka bir hesap seçin.,
The date on which Salary Component with Amount will contribute for Earnings/Deduction in Salary Slip. ,Maaş Bordrosunda Maaş Bileşeninin Tutar ile Kazanç/Kesintiye katkı sağlayacağı tarih. ,
The day of the month when leaves should be allocated,İzinlerin tahsis edileceği ayın günü,
The day(s) on which you are applying for leave are holidays. You need not apply for leave.,Eğer izin için başvuruda bulunulduğu gün (ler) tatildir. İstemenize izin gerekmez.,
The fraction of daily wages to be paid for half-day attendance,Yarım Günlük çalışma için ödenecek ücretin oranı,
The metrics for this report are calculated based on the {0}. Please set {0} in {1}.,Bu rapordaki metrikler {0} temel alınarak hesaplanır. Lütfen {1} sayfasında {0} alanını ayarlayın.,
The metrics for this report are calculated based on {0}. Please set {0} in {1}.,Bu rapordaki metrikler {0} temel alınarak hesaplanır. Lütfen {1} sayfasında {0} alanını ayarlayın.,
"The salary slip emailed to the employee will be password protected, the password will be generated based on the password policy.","Çalışana gönderilecek maaş bordrosu şifre koruyucu olacak, şifre şifre politikasına göre üretilecektir.",
The time after the shift start time when check-in is considered as late (in minutes).,Check-in işlemlerinden sonraki saat geç (dakika olarak) olarak kabul edilir.,
The time before the shift end time when check-out is considered as early (in minutes).,Check-out işleminin erken olduğu ve bir önceki süre (dakika olarak).,
The time before the shift start time during which Employee Check-in is considered for attendance.,Personel Girişinin devamlılık olarak kabul edildiği vardiya başlangıç saatinden önceki süre.,
Theory,Teori,
There are more holidays than working days this month.,Bu aylık çalışma günlerinden daha fazla tatil vardır.,
There are no vacancies under staffing plan {0},{0} kadro planında boş yer yok,
There is no Salary Structure assigned to {0}. First assign a Salary Stucture.,{0} için Maaş belirlenmemiş. Öncelikle maaş ataması yapın.,
"These leaves are holidays permitted by the company however, availing it is optional for an Employee.","Bu izinler, şirket tarafından izin verilen tatillerdir, ancak bir Çalışan için isteğe bağlıdır.",
This action will prevent making changes to the linked appraisal feedback/goals.,"Bu eylem, bağlantılı değerlendirme geri bildirimlerinde/hedeflerinde değişiklik yapılmasını engelleyecektir.",
This employee already has a log with the same timestamp.{0},Bu çalışanın zaten aynı zaman damgasına sahip bir günlüğü var. {0},
This error can be due to invalid formula or condition.,Bu hata geçersiz formül veya koşuldan kaynaklanıyor olabilir.,
This error can be due to invalid syntax.,Bu hata geçersiz söz diziminden kaynaklanıyor olabilir.,
This error can be due to missing or deleted field.,Bu hata eksik veya silinmiş bir alandan kaynaklanıyor olabilir.,
This field allows you to set the maximum number of consecutive leaves an Employee can apply for.,"Bu alan, bir Personelin arka arkaya başvurabileceği maksimum izin sayısını ayarlamanıza olanak tanır.",
This field allows you to set the maximum number of leaves that can be allocated annually for this Leave Type while creating the Leave Policy,"Bu alan, İzin Politikası oluşturulurken bu İzin Türü için yıllık olarak tahsis edilebilecek maksimum izin sayısını ayarlamanıza olanak tanır",
This is based on the attendance of this Employee,"Bu tablo, Personelin işe devamlılığını gösterir",
This will overwrite the tax component {0} in the salary slip and tax won't be calculated based on the Income Tax Slabs,"Bu, maaş bordrosundaki vergi bileşenini {0} üzerine yazacak ve vergi Gelir Vergisi Dilimlerine göre hesaplanmayacaktır",
This will submit Salary Slips and create accrual Journal Entry. Do you want to proceed?,"Bu, Maaş Balıkları gönderecek ve Tahakkuk Yevmiye Kaydı oluşturacaktır. Devam etmek istiyor musunuz?",
Thursday,Perşembe,
Time,Zaman,
Time Interval,Zaman Döngüsü,
Time Sheet,Zaman Çizelgesi,
Time after the end of shift during which check-out is considered for attendance.,Vardiyanın bitiminden sonra çıkış işleminin devam olarak değerlendirildiği zaman.,
Time taken to fill the open positions,Açık pozisyonların doldurulması için gereken süre,
Time to Fill,Doldurma Zamanı,
Timelines,Zaman,
Timesheet,Zaman Çizelgesi,
Timesheet Details,Zaman Çizelgesi Detayı,
Timing,Zamanlama,
Title,Başlık,
To,Alıcı,
To Amount,tutarına,
To Date,Bitiş Tarihi,
To Date cannot be before From Date,"Bitiş Tarihi, Başlangıç Tarihi'nden önce olamaz",
To Date should be greater than From Date,"Bitiş Tarihi, Başlangıç Tarihinden büyük olmalıdır",
To Time,Bitiş Zamanı,
To apply for a Half Day check 'Half Day' and select the Half Day Date,Yarım Gün başvurusunda bulunmak için 'Yarım Gün' seçeneğini işaretleyin ve Yarım Gün Tarihini seçin,
To date can not be equal or less than from date,Bugüne kadar aynı anda eşit veya daha az olamaz,
To date can not be greater than employee's relieving date.,Bugüne kadar çalışanların rahatlaması fazla olamaz.,
To date can not be less than from date,Bugüne kadar bugünden daha az olamaz,
To date can not greater than employee's relieving date,Bugüne kadar çalışanın sevkıyatı daha büyük olamaz,
To date cannot be before from date,Bitiş tarihi başlangıç tarihinden önce olamaz,
"To overwrite the salary component amount for a tax component, please enable {0}",Bir vergi bileşeni için maaş bileşeni tutarını geçersiz kılmak için lütfen {0} öğesini etkinleştirin,
Today is {0}'s birthday 🎉,Bugün {0} isimli Personelin Doğum Günü 🎉,
Today {0} at our Company! 🎉,Bugün Şirketimizde {0}! 🎉,
Today {0} completed {1} year(s) at our Company! 🎉,Bugün {0} Şirketimizde {1} yılını tamamladı! 🎉,
Toggle Full Width,Geniş Görünüm,
Toggle Theme,Temayı Değiştir,
Total,Toplam,
Total Absent,Toplam Devamsız,
Total Actual Amount,Toplam Gerçek Tutar,
Total Advance Amount,Toplam Avans Tutarı,
Total Allocated Leave(s),Toplam Tahsis Edilen İzinler,
Total Allocated Leaves,Toplam Tahsis Edilen İzinler,
Total Amount,Toplam Tutar,
Total Amount Reimbursed,Toplam Tutar Geri Çekenler,
Total Amount cannot be zero,Toplam Tutar sıfır olamaz,
Total Asset Recovery Cost,Toplam Varlık Geri Kazanım Maliyeti,
Total Billed Hours,Toplam Faturalı Saat,
Total Claimed Amount,Toplam İade Alınan Tutar,
Total Declared Amount,Toplam Beyan Tutarı,
Total Deduction,Toplam Kesinti,
Total Deduction (Company Currency),Toplam Kesinti (Şirket Para Birimi),
Total Early Exits,Toplam Erken Çıkış,
Total Earning,Toplam Kazanç,
Total Earnings,Toplam Kazanç,
Total Estimated Budget,Toplam Tahmini Bütçe,
Total Estimated Cost,Toplam Tahmini Maliyeti,
Total Exemption Amount,Toplam Muafiyet Tutarı,
Total Expense Claim (via Expense Claims),Toplam Harcama Talepleri,
Total Goal Score,Toplam Hedef Puanı,
Total Gross Pay,Toplam Brüt Ücret,
Total Holidays,Toplam Tatil Günü,
Total Hours (T),Toplam Saat (T),
Total Income Tax,Toplam Gelir Vergisi,
Total Late Entries,Toplam Geç Girişler,
Total Leave Days,Toplam İzin Günü,
Total Leaves,Toplam İzin,
Total Leaves ({0}),Toplam İzinler ({0}),
Total Leaves Allocated,Ayrılan Toplam İzinler,
Total Leaves Encashed,Toplam İzin Paraya çevrilen,
Total Net Pay,Toplam Net Ücret,
Total Payable Amount,Toplam Borç Tutarı,
Total Payment,Toplam Ödeme,
Total Present,Toplam Gün,
Total Resignations,Toplam İstifalar,
Total Sanctioned Amount,Toplam Tasdiklenmiş Tutar,
Total Score,toplam puan,
Total Taxes and Charges,Toplam Vergi,
Total Working Hours,Toplam Çalışma Saati,
Total advance amount cannot be greater than total sanctioned amount,"Toplam avans miktarı, toplam onaylanan tutarlardan fazla olamaz",
Total allocated leaves are more than maximum allocation allowed for {0} leave type for employee {1} in the period,"Toplam tahsis edilen izinler, {1} döneminde {0} personeline izin türü için izin verilen maksimum tahsisten daha fazladır",
Total allocated leaves {0} cannot be less than already approved leaves {1} for the period,"Toplam tahsis edilen izinler {0} , dönem için onaylanan izinlerden {1} daha az olamaz",
Total flexible benefit component amount {0} should not be less than max benefits {1},"Toplam esnek kullanım bileşenleri {0} birlikte, maksimum faydadan {1} daha az tüketir",
Total in words,Yazıyla Toplam,
Total in words (Company Currency),Toplam Yazı ile (Şirket Para Birimi),
Total leaves allocated is mandatory for Leave Type {0},{0} İzin Türü için koruma toplam izinler süreleri,
Total percentage against cost centers should be 100,Maliyet merkezlerine karşı toplam yüzde 100 olmalıdır,
"Total weightage for all {0} must add up to 100. Currently, it is {1}%",Tüm {0} için toplam ağırlık 100'e kadar eklenmelidir. Şu anda %{1}'dir,
Total working hours should not be greater than max working hours {0},Toplam çalışma süresi maksimum çalışma saatleri fazla harcama {0},
Totals,Toplam,
Train,Tren,
Trainer Email,Eğitmen E-posta,
Trainer Name,Eğitmen Adı,
Training,Eğitim,
Training Date,Eğitim Tarihi,
Training Event,Eğitim,
Training Event Employee,Eğitim Etkinlik Çalışan,
Training Event:,Eğitim Etkinliği:,
Training Events,Eğitim Etkinlikleri,
Training Feedback,Eğitim Geri Bildirimi,
Training Program,Eğitim Programı,
Training Result,Eğitim Sonucu,
Training Result Employee,Eğitim Sonucu Çalışan,
Trainings,Eğitimler,
Transaction Date,İşlem Tarihi,
Transaction Name,İşlem Adı,
Transaction Type,İşlem Türü,
Transactions,İşlemler,
Transfer Date,Transfer Tarihi,
Travel,Gezi,
Travel Advance Required,Seyahat Öncesi Gerekli,
Travel From,Seyahat Formu,
Travel Funding,Seyahat Finansmanı,
Travel Itinerary,Seyahat Programı,
Travel Request,Seyahat Talebi,
Travel Request Costing,Seyahat Talebi Maliyeti,
Travel To,Seyahat,
Travel Type,Seyahat Türü,
Tuesday,Salı,
Type,Türü,
Type of Proof,Kanıt Türü,
Unable to find Salary Component {0},{0} Maaş Bileşeni bulunamıyor,
Unarchive,Arşivden Çıkar,
Under Review,İnceleniyor,
Unlinked logs,Bağlantısız kayıtlar,
Unmarked Days,Belirsiz Günler,
Unmarked days,İşaretlenmemiş günler,
Unpaid,Ödenmemiş,
Unpaid Expense Claim,Ödenmemiş Gider Talebi,
Unsettled Transactions,Etkilenen İşlemler,
Unsubmitted Appraisals,Gönderilmemiş Değerlendirmeler,
Untracked Hours,Takip Edilmeyen Saatler,
Untracked Hours (U),Takip Edilmeyen Saatler (U),
Unused leaves,Kullanılmayan İzinler,
Upcoming Holidays Reminder,Yaklaşan Tatiller,
Upcoming Shifts,Yaklaşan Vardiyalar,
Update,Güncelle,
Update Job Applicant,İş Başvurusunu Güncelle,
Update Progress,İlerlemeyi Güncelle,
Update Response,yanıt güncelle,
Update Salary Structures,Maaş Yapılarını Güncelle,
Update Status,Durumu Güncelle,
Updated the Job Applicant status to {0},İş Başvurusu Durumu {0} olarak güncellendi,
Upload Attendance,Devamlılık Tablosu Yükle,
Upload HTML,HTML Yükle,
Upper Range,Üst Aralık,
Used Leave(s),Kullanılmış İzinler,
Used Leaves,Kullanılan İzinler,
User,Kullanıcı,
User Settings,Kullanıcı Ayarları,
Users,Kullanıcılar,
Utilization,Kullanım,
Vacancies,Açık İşler,
Vacancies cannot be lower than the current openings,Boş pozisyonlar mevcut patlamalardan daha düşük olamaz,
Validate Attendance,Devamlılığı Doğrula,
Validating Employee Attendance...,Personel Devamlılığı Doğrulanıyor...,
Value / Description,Değer / Açıklama,
Value missing,değer eksik,
Variable,Değişken,
Variable Based On Taxable Salary,Vergilendirilebilir Maaşlara Günlük kullanım,
Vegetarian,Vejetaryen,
Vehicle,Araç,
Vehicle Expenses,Araç Giderleri,
Vehicle Log,Araç Günlüğü,
Vehicle Service,Araç Servis,
Vehicle Service Item,Araç Servis Kalemi,
View,Göster,
View Goals,Hedefleri Göster,
View Ledger,Defteri Göster,
View List,Liste Görünümü,
View Website,Websitesine Git,
Violet,Mor,
Walk In,Rezervasyonsuz Müşteri,
Warning,Uyarı,
Warning: Leave application contains following block dates,Uyarı: İzin yazılımı aşağıdaki engel bölümleri bulunmaktadır,
Warning: {0} already has an active Shift Assignment {1} for some/all of these dates.,Uyarı: {0} adresinde bu tarihlerin bazıları/hepsi için halihazırda aktif bir Vardiya Ataması {1} bulunmaktadır.,
Website Listing,Web Sitesi Listesi,
Wednesday,Çarşamba,
Weekly,Haftalık,
Weightage (%),Ağırlık (%),
"When set to 'Inactive', employees with conflicting active shifts will not be excluded.","‘Etkin Değil’ olarak ayarlandığında, çakışan aktif vardiyalara sahip personel hariç tutulmayacaktır.",
Work Anniversaries ,Çalışma Yıldönümleri,
Work Anniversary Reminder,Çalışma Yıldönümü Hatırlatması,
Work End Date,İş Bitiş Tarihi,
Work From Date,Tarihten Çalışma,
Work From Home,Evden Çalışma,
Work References,İş Deneyimi,
Work Summary for {0},{0} İçin İş Özeti,
Worked On Holiday,Tatilde Çalıştı,
Workflow State,İş Akışı Durumu,
Working Days,Çalışma Günleri,
Working Days and Hours,Çalışma Günü ve Saatleri,
Working Hours,Çalışma Saatleri,
Working Hours Calculation Based On,Mesai Saatine Göre Hesaplama,
Working Hours Threshold for Absent,Devamsızlık için Çalışma Saatleri Eşiği,
Working Hours Threshold for Half Day,Yarım Gün Çalışma Saatleri Eşiği,
Working hours below which Absent is marked. (Zero to disable),Devamsız işaretli çalışma saatleri. (Devre dışı için sıfır),
Working hours below which Half Day is marked. (Zero to disable),Yarım günün işaretlendiği çalışma saatleri. (Devre dışı için sıfır),
Workshop,Atölye,
Workspace Settings,Çalışma Alanı Ayarları,
Year,Yıl,
Year To Date(Company Currency),Yıl Başından Bugüne (Şirket Para Birimi),
Yearly,Yıllık,
Yellow,Sarı,
Yes,Evet,
"Yes, Proceed","Evet, Devam et",
You are not authorized to approve leaves on Block Dates,Blok Tarihlerindeki çıkışları onaylama yetkiniz yok,
You are not present all day(s) between compensatory leave request days,Telafi edici izin talebi gün arasında tüm gün (ler) mevcut değilsiniz.,
"You can claim only an amount of {0}, the rest amount {1} should be in the application as pro-rata component","Sadece {0} tutarında bir talepte bulunabilirsiniz, kalan {1} tutarı orantılı bileşen olarak başvuruda bulunmalıdır",
You can not request for your Default Shift: {0},Varsayılan Vardiyanızı talep edemezsiniz: {0},
You can only plan for upto {0} vacancies and budget {1} for {2} as per staffing plan {3} for parent company {4}.,"Personel planına göre, ana şirket {4} için {3} personel planında yalnızca {0} açık pozisyon ve {1} bütçe ile {2} planlaması yapabilirsiniz.",
You can only submit Leave Encashment for a valid encashment amount,İzin Depozitini geçerli bir nakit miktarı için gönderebilirsiniz.,
"You can only upload JPG, PNG, PDF, TXT or Microsoft documents.","Sadece JPG, PNG, PDF, TXT veya Microsoft belgelerini yükleyebilirsiniz.",
"You may add additional details, if any, and submit the offer.",Varsa ek bilgilerinizi ekleyip teklifinizi kaydedebilirsiniz.,
You were only present for Half Day on {}. Cannot apply for a full day compensatory leave,{} günü yalnızca Yarım Gün için hazır bulundunuz. Tam gün telafi izni için başvuruda bulunamazsınız,
active,aktif,
created,oluşturdu,
email,e-posta,
result,sonuç,
results,sonuçlar,
review,gözden geçir,
reviews,i̇ncelemeler,
via Salary Component sync,Maaş Bileşeni senkronizasyonu aracılığıyla,
{0} & {1},{0} & {1},
{0} <br> This error can be due to missing or deleted field.,{0} <br> Bu hata eksik veya silinmiş bir alandan kaynaklanıyor olabilir.,
{0} Appraisal(s) are not submitted yet,{0} Değerlendirme henüz gönderilmedi,
{0} Field,{0} Alanı,
{0} Missing,{0} Eksik,
{0} Row #{1}: Formula is set but {2} is disabled for the Salary Component {3}.,{0} Satır #{1}: Formül ayarlandı ancak Maaş Bileşeni {3} için {2} devre dışı bırakıldı.,
{0} Row #{1}: {2} needs to be enabled for the formula to be considered.,{0} Satır #{1}: {2} formülün dikkate alınması için etkinleştirilmesi gerekir.,
{0} already allocated for Employee {1} for period {2} to {3},{0} zaten çalışan ödenekleri {1} dönem {2} için {3},
{0} already exists for employee {1} and period {2},"{0}, {1} çalışanı ve {2} dönemi için zaten mevcut",
{0} already has an active Shift Assignment {1} for some/all of these dates.,{0} bu tarihlerin bazıları/hepsi için {1} adresinde zaten aktif bir Vardiya Ataması bulunmaktadır.,
{0} applicable after {1} working days,{1} iş gününden sonra {0} uygulanabilir,
{0} completed {1} year(s),{0} {1} yılı tamamlandı,
{0} has {1} enabled,{0} {1} etkinleştirildi,
{0} is mandatory,{0} zorunludur,
{0} is not a holiday.,{0} tatil değil.,
{0} is not in Optional Holiday List,{0} İsteğe Bağlı Tatil Listesinde değil,
{0} is not in a valid Payroll Period,{0} geçerli bir Bordro Döneminde değil,
{0} is required,{0} gerekli,
{0} must be submitted,{0} gönderilmelidir,
{0} of {1} Completed,{0} / {1} Tamamlandı,
{0} vacancies and {1} budget for {2} already planned for subsidiary companies of {3}. You can only plan for upto {4} vacancies and and budget {5} as per staffing plan {6} for parent company {3}.,{3} bağlı şirketler için {0} açık pozisyon ve {1} bütçe zaten planlanmış. Ana şirket {3} için {6} personel planına göre yalnızca {4} açık pozisyon ve {5} bütçe planlayabilirsiniz.,
{0} {1} {2}?,{0} {1} {2}?,
"{0}: Employee email not found, hence email not sent",{0}: Çalışanın e-posta adresi bulunamadığı için e-posta gönderilemedi,
{0}: From {0} of type {1},{0}: gönderen {0} çeşidi {1},
{0}: {1},{0}: {1},
{0}d,{0}g,
{} is an invalid Attendance Status.,{} geçersiz bir Devamlılık Durumudur.,
{} {} open for this position.,Bu pozisyon için {} {} açık.,
